[     460ms] [INFO] %cDownload the React DevTools for a better development experience: https://reactjs.org/link/react-devtools font-weight:bold @ webpack-internal:///(app-pages-browser)/../../node_modules/next/dist/compiled/react-dom/cjs/react-dom.development.js:38559
[   15941ms] [LOG] [Fast Refresh] rebuilding @ webpack-internal:///(app-pages-browser)/../../node_modules/next/dist/client/components/react-dev-overlay/app/hot-reloader-client.js:186
[   16171ms] [LOG] [Fast Refresh] done in 230ms @ webpack-internal:///(app-pages-browser)/../../node_modules/next/dist/client/components/react-dev-overlay/app/hot-reloader-client.js:43
[   86264ms] [LOG] [Fast Refresh] rebuilding @ webpack-internal:///(app-pages-browser)/../../node_modules/next/dist/client/components/react-dev-overlay/app/hot-reloader-client.js:186
[   86955ms] [LOG] [Fast Refresh] done in 690ms @ webpack-internal:///(app-pages-browser)/../../node_modules/next/dist/client/components/react-dev-overlay/app/hot-reloader-client.js:43
[  380178ms] [ERROR] WebSocket connection to 'ws://localhost:3001/socket.io/?EIO=4&transport=websocket' failed: Error in connection establishment: net::ERR_CONNECTION_REFUSED @ webpack-internal:///(app-pages-browser)/../../node_modules/engine.io-client/build/esm/transports/websocket.js:127
[  381692ms] [ERROR] WebSocket connection to 'ws://localhost:3001/socket.io/?EIO=4&transport=websocket' failed: Error in connection establishment: net::ERR_CONNECTION_REFUSED @ webpack-internal:///(app-pages-browser)/../../node_modules/engine.io-client/build/esm/transports/websocket.js:127
[  386693ms] [ERROR] WebSocket connection to 'ws://localhost:3001/socket.io/?EIO=4&transport=websocket' failed: Error in connection establishment: net::ERR_CONNECTION_REFUSED @ webpack-internal:///(app-pages-browser)/../../node_modules/engine.io-client/build/esm/transports/websocket.js:127
[  391695ms] [ERROR] WebSocket connection to 'ws://localhost:3001/socket.io/?EIO=4&transport=websocket' failed: Error in connection establishment: net::ERR_CONNECTION_REFUSED @ webpack-internal:///(app-pages-browser)/../../node_modules/engine.io-client/build/esm/transports/websocket.js:127
[  396697ms] [ERROR] WebSocket connection to 'ws://localhost:3001/socket.io/?EIO=4&transport=websocket' failed: Error in connection establishment: net::ERR_CONNECTION_REFUSED @ webpack-internal:///(app-pages-browser)/../../node_modules/engine.io-client/build/esm/transports/websocket.js:127
[  401702ms] [ERROR] WebSocket connection to 'ws://localhost:3001/socket.io/?EIO=4&transport=websocket' failed: Error in connection establishment: net::ERR_CONNECTION_REFUSED @ webpack-internal:///(app-pages-browser)/../../node_modules/engine.io-client/build/esm/transports/websocket.js:127
[  406709ms] [ERROR] WebSocket connection to 'ws://localhost:3001/socket.io/?EIO=4&transport=websocket' failed: Error in connection establishment: net::ERR_CONNECTION_REFUSED @ webpack-internal:///(app-pages-browser)/../../node_modules/engine.io-client/build/esm/transports/websocket.js:127
[  411728ms] [ERROR] WebSocket connection to 'ws://localhost:3001/socket.io/?EIO=4&transport=websocket' failed: Error in connection establishment: net::ERR_CONNECTION_REFUSED @ webpack-internal:///(app-pages-browser)/../../node_modules/engine.io-client/build/esm/transports/websocket.js:127
[  416747ms] [ERROR] WebSocket connection to 'ws://localhost:3001/socket.io/?EIO=4&transport=websocket' failed: Error in connection establishment: net::ERR_CONNECTION_REFUSED @ webpack-internal:///(app-pages-browser)/../../node_modules/engine.io-client/build/esm/transports/websocket.js:127
[  421816ms] [ERROR] WebSocket connection to 'ws://localhost:3001/socket.io/?EIO=4&transport=websocket' failed: Error in connection establishment: net::ERR_CONNECTION_REFUSED @ webpack-internal:///(app-pages-browser)/../../node_modules/engine.io-client/build/esm/transports/websocket.js:127
[  426865ms] [ERROR] WebSocket connection to 'ws://localhost:3001/socket.io/?EIO=4&transport=websocket' failed: Error in connection establishment: net::ERR_CONNECTION_REFUSED @ webpack-internal:///(app-pages-browser)/../../node_modules/engine.io-client/build/esm/transports/websocket.js:127
[  432039ms] [ERROR] WebSocket connection to 'ws://localhost:3001/socket.io/?EIO=4&transport=websocket' failed: Error in connection establishment: net::ERR_CONNECTION_REFUSED @ webpack-internal:///(app-pages-browser)/../../node_modules/engine.io-client/build/esm/transports/websocket.js:127
[  437344ms] [ERROR] WebSocket connection to 'ws://localhost:3001/socket.io/?EIO=4&transport=websocket' failed: Error in connection establishment: net::ERR_CONNECTION_REFUSED @ webpack-internal:///(app-pages-browser)/../../node_modules/engine.io-client/build/esm/transports/websocket.js:127
[  443213ms] [ERROR] WebSocket connection to 'ws://localhost:3001/socket.io/?EIO=4&transport=websocket' failed: Error in connection establishment: net::ERR_CONNECTION_REFUSED @ webpack-internal:///(app-pages-browser)/../../node_modules/engine.io-client/build/esm/transports/websocket.js:127
[  448027ms] [LOG] [Fast Refresh] rebuilding @ webpack-internal:///(app-pages-browser)/../../node_modules/next/dist/client/components/react-dev-overlay/app/hot-reloader-client.js:186
[  448809ms] [WARNING] [Fast Refresh] performing full reload

Fast Refresh will perform a full reload when you edit a file that's imported by modules outside of the React rendering tree.
You might have a file which exports a React component but also exports a value that is imported by a non-React component file.
Consider migrating the non-React component export to a separate file and importing it into both files.

It is also possible the parent component of the component you edited is a class component, which disables Fast Refresh.
Fast Refresh requires at least one parent function component in your React tree. @ webpack-internal:///(app-pages-browser)/../../node_modules/next/dist/client/components/react-dev-overlay/app/hot-reloader-client.js:112
[  449161ms] [INFO] %cDownload the React DevTools for a better development experience: https://reactjs.org/link/react-devtools font-weight:bold @ webpack-internal:///(app-pages-browser)/../../node_modules/next/dist/compiled/react-dom/cjs/react-dom.development.js:38559
[  450638ms] [ERROR] WebSocket connection to 'ws://localhost:3001/socket.io/?EIO=4&transport=websocket' failed: Error in connection establishment: net::ERR_CONNECTION_REFUSED @ webpack-internal:///(app-pages-browser)/../../node_modules/engine.io-client/build/esm/transports/websocket.js:127
[  451714ms] [ERROR] WebSocket connection to 'ws://localhost:3001/socket.io/?EIO=4&transport=websocket' failed: Error in connection establishment: net::ERR_CONNECTION_REFUSED @ webpack-internal:///(app-pages-browser)/../../node_modules/engine.io-client/build/esm/transports/websocket.js:127
[  453066ms] [LOG] [Fast Refresh] rebuilding @ webpack-internal:///(app-pages-browser)/../../node_modules/next/dist/client/components/react-dev-overlay/app/hot-reloader-client.js:186
[  453272ms] [WARNING] [Fast Refresh] performing full reload

Fast Refresh will perform a full reload when you edit a file that's imported by modules outside of the React rendering tree.
You might have a file which exports a React component but also exports a value that is imported by a non-React component file.
Consider migrating the non-React component export to a separate file and importing it into both files.

It is also possible the parent component of the component you edited is a class component, which disables Fast Refresh.
Fast Refresh requires at least one parent function component in your React tree. @ webpack-internal:///(app-pages-browser)/../../node_modules/next/dist/client/components/react-dev-overlay/app/hot-reloader-client.js:112
[  453654ms] [INFO] %cDownload the React DevTools for a better development experience: https://reactjs.org/link/react-devtools font-weight:bold @ webpack-internal:///(app-pages-browser)/../../node_modules/next/dist/compiled/react-dom/cjs/react-dom.development.js:38559
[  453737ms] [ERROR] WebSocket connection to 'ws://localhost:3001/socket.io/?EIO=4&transport=websocket' failed: Error in connection establishment: net::ERR_CONNECTION_REFUSED @ webpack-internal:///(app-pages-browser)/../../node_modules/engine.io-client/build/esm/transports/websocket.js:127
[  455123ms] [ERROR] WebSocket connection to 'ws://localhost:3001/socket.io/?EIO=4&transport=websocket' failed: Error in connection establishment: net::ERR_CONNECTION_REFUSED @ webpack-internal:///(app-pages-browser)/../../node_modules/engine.io-client/build/esm/transports/websocket.js:127
[  457719ms] [LOG] [Fast Refresh] rebuilding @ webpack-internal:///(app-pages-browser)/../../node_modules/next/dist/client/components/react-dev-overlay/app/hot-reloader-client.js:186
[  457901ms] [WARNING] [Fast Refresh] performing full reload

Fast Refresh will perform a full reload when you edit a file that's imported by modules outside of the React rendering tree.
You might have a file which exports a React component but also exports a value that is imported by a non-React component file.
Consider migrating the non-React component export to a separate file and importing it into both files.

It is also possible the parent component of the component you edited is a class component, which disables Fast Refresh.
Fast Refresh requires at least one parent function component in your React tree. @ webpack-internal:///(app-pages-browser)/../../node_modules/next/dist/client/components/react-dev-overlay/app/hot-reloader-client.js:112
[  458260ms] [INFO] %cDownload the React DevTools for a better development experience: https://reactjs.org/link/react-devtools font-weight:bold @ webpack-internal:///(app-pages-browser)/../../node_modules/next/dist/compiled/react-dom/cjs/react-dom.development.js:38559
[  458332ms] [ERROR] WebSocket connection to 'ws://localhost:3001/socket.io/?EIO=4&transport=websocket' failed: Error in connection establishment: net::ERR_CONNECTION_REFUSED @ webpack-internal:///(app-pages-browser)/../../node_modules/engine.io-client/build/esm/transports/websocket.js:127
[  459817ms] [ERROR] WebSocket connection to 'ws://localhost:3001/socket.io/?EIO=4&transport=websocket' failed: Error in connection establishment: net::ERR_CONNECTION_REFUSED @ webpack-internal:///(app-pages-browser)/../../node_modules/engine.io-client/build/esm/transports/websocket.js:127
[  462411ms] [ERROR] WebSocket connection to 'ws://localhost:3001/socket.io/?EIO=4&transport=websocket' failed: Error in connection establishment: net::ERR_CONNECTION_REFUSED @ webpack-internal:///(app-pages-browser)/../../node_modules/engine.io-client/build/esm/transports/websocket.js:127
[  464591ms] [LOG] [Fast Refresh] rebuilding @ webpack-internal:///(app-pages-browser)/../../node_modules/next/dist/client/components/react-dev-overlay/app/hot-reloader-client.js:186
[  464699ms] [LOG] [Fast Refresh] rebuilding @ webpack-internal:///(app-pages-browser)/../../node_modules/next/dist/client/components/react-dev-overlay/app/hot-reloader-client.js:186
[  464710ms] [LOG] [Fast Refresh] done in 12ms @ webpack-internal:///(app-pages-browser)/../../node_modules/next/dist/client/components/react-dev-overlay/app/hot-reloader-client.js:43
[  464768ms] [ERROR] WebSocket connection to 'ws://localhost:3001/socket.io/?EIO=4&transport=websocket' failed: Error in connection establishment: net::ERR_CONNECTION_REFUSED @ webpack-internal:///(app-pages-browser)/../../node_modules/engine.io-client/build/esm/transports/websocket.js:127
[  464874ms] [WARNING] [Fast Refresh] performing full reload

Fast Refresh will perform a full reload when you edit a file that's imported by modules outside of the React rendering tree.
You might have a file which exports a React component but also exports a value that is imported by a non-React component file.
Consider migrating the non-React component export to a separate file and importing it into both files.

It is also possible the parent component of the component you edited is a class component, which disables Fast Refresh.
Fast Refresh requires at least one parent function component in your React tree. @ webpack-internal:///(app-pages-browser)/../../node_modules/next/dist/client/components/react-dev-overlay/app/hot-reloader-client.js:112
[  465213ms] [INFO] %cDownload the React DevTools for a better development experience: https://reactjs.org/link/react-devtools font-weight:bold @ webpack-internal:///(app-pages-browser)/../../node_modules/next/dist/compiled/react-dom/cjs/react-dom.development.js:38559
[  465294ms] [ERROR] WebSocket connection to 'ws://localhost:3001/socket.io/?EIO=4&transport=websocket' failed: Error in connection establishment: net::ERR_CONNECTION_REFUSED @ webpack-internal:///(app-pages-browser)/../../node_modules/engine.io-client/build/esm/transports/websocket.js:127
[  466754ms] [ERROR] WebSocket connection to 'ws://localhost:3001/socket.io/?EIO=4&transport=websocket' failed: Error in connection establishment: net::ERR_CONNECTION_REFUSED @ webpack-internal:///(app-pages-browser)/../../node_modules/engine.io-client/build/esm/transports/websocket.js:127
[  468314ms] [ERROR] WebSocket connection to 'ws://localhost:3001/socket.io/?EIO=4&transport=websocket' failed: Error in connection establishment: net::ERR_CONNECTION_REFUSED @ webpack-internal:///(app-pages-browser)/../../node_modules/engine.io-client/build/esm/transports/websocket.js:127
[  473319ms] [ERROR] WebSocket connection to 'ws://localhost:3001/socket.io/?EIO=4&transport=websocket' failed: Error in connection establishment: net::ERR_CONNECTION_REFUSED @ webpack-internal:///(app-pages-browser)/../../node_modules/engine.io-client/build/esm/transports/websocket.js:127
[  474447ms] [LOG] [Fast Refresh] rebuilding @ webpack-internal:///(app-pages-browser)/../../node_modules/next/dist/client/components/react-dev-overlay/app/hot-reloader-client.js:186
[  474845ms] [WARNING] [Fast Refresh] performing full reload

Fast Refresh will perform a full reload when you edit a file that's imported by modules outside of the React rendering tree.
You might have a file which exports a React component but also exports a value that is imported by a non-React component file.
Consider migrating the non-React component export to a separate file and importing it into both files.

It is also possible the parent component of the component you edited is a class component, which disables Fast Refresh.
Fast Refresh requires at least one parent function component in your React tree. @ webpack-internal:///(app-pages-browser)/../../node_modules/next/dist/client/components/react-dev-overlay/app/hot-reloader-client.js:112
[  475167ms] [INFO] %cDownload the React DevTools for a better development experience: https://reactjs.org/link/react-devtools font-weight:bold @ webpack-internal:///(app-pages-browser)/../../node_modules/next/dist/compiled/react-dom/cjs/react-dom.development.js:38559
[  475243ms] [ERROR] WebSocket connection to 'ws://localhost:3001/socket.io/?EIO=4&transport=websocket' failed: Error in connection establishment: net::ERR_CONNECTION_REFUSED @ webpack-internal:///(app-pages-browser)/../../node_modules/engine.io-client/build/esm/transports/websocket.js:127
[  476404ms] [ERROR] WebSocket connection to 'ws://localhost:3001/socket.io/?EIO=4&transport=websocket' failed: Error in connection establishment: net::ERR_CONNECTION_REFUSED @ webpack-internal:///(app-pages-browser)/../../node_modules/engine.io-client/build/esm/transports/websocket.js:127
[  477951ms] [LOG] [Fast Refresh] rebuilding @ webpack-internal:///(app-pages-browser)/../../node_modules/next/dist/client/components/react-dev-overlay/app/hot-reloader-client.js:186
[  478046ms] [LOG] [Fast Refresh] rebuilding @ webpack-internal:///(app-pages-browser)/../../node_modules/next/dist/client/components/react-dev-overlay/app/hot-reloader-client.js:186
[  478065ms] [LOG] [Fast Refresh] done in 18ms @ webpack-internal:///(app-pages-browser)/../../node_modules/next/dist/client/components/react-dev-overlay/app/hot-reloader-client.js:43
[  478225ms] [WARNING] [Fast Refresh] performing full reload

Fast Refresh will perform a full reload when you edit a file that's imported by modules outside of the React rendering tree.
You might have a file which exports a React component but also exports a value that is imported by a non-React component file.
Consider migrating the non-React component export to a separate file and importing it into both files.

It is also possible the parent component of the component you edited is a class component, which disables Fast Refresh.
Fast Refresh requires at least one parent function component in your React tree. @ webpack-internal:///(app-pages-browser)/../../node_modules/next/dist/client/components/react-dev-overlay/app/hot-reloader-client.js:112
[  478582ms] [INFO] %cDownload the React DevTools for a better development experience: https://reactjs.org/link/react-devtools font-weight:bold @ webpack-internal:///(app-pages-browser)/../../node_modules/next/dist/compiled/react-dom/cjs/react-dom.development.js:38559
[  478648ms] [ERROR] WebSocket connection to 'ws://localhost:3001/socket.io/?EIO=4&transport=websocket' failed: Error in connection establishment: net::ERR_CONNECTION_REFUSED @ webpack-internal:///(app-pages-browser)/../../node_modules/engine.io-client/build/esm/transports/websocket.js:127
[  479734ms] [ERROR] WebSocket connection to 'ws://localhost:3001/socket.io/?EIO=4&transport=websocket' failed: Error in connection establishment: net::ERR_CONNECTION_REFUSED @ webpack-internal:///(app-pages-browser)/../../node_modules/engine.io-client/build/esm/transports/websocket.js:127
[  481240ms] [ERROR] WebSocket connection to 'ws://localhost:3001/socket.io/?EIO=4&transport=websocket' failed: Error in connection establishment: net::ERR_CONNECTION_REFUSED @ webpack-internal:///(app-pages-browser)/../../node_modules/engine.io-client/build/esm/transports/websocket.js:127
[  481350ms] [LOG] [Fast Refresh] rebuilding @ webpack-internal:///(app-pages-browser)/../../node_modules/next/dist/client/components/react-dev-overlay/app/hot-reloader-client.js:186
[  481452ms] [LOG] [Fast Refresh] rebuilding @ webpack-internal:///(app-pages-browser)/../../node_modules/next/dist/client/components/react-dev-overlay/app/hot-reloader-client.js:186
[  481468ms] [LOG] [Fast Refresh] done in 16ms @ webpack-internal:///(app-pages-browser)/../../node_modules/next/dist/client/components/react-dev-overlay/app/hot-reloader-client.js:43
[  481638ms] [WARNING] [Fast Refresh] performing full reload

Fast Refresh will perform a full reload when you edit a file that's imported by modules outside of the React rendering tree.
You might have a file which exports a React component but also exports a value that is imported by a non-React component file.
Consider migrating the non-React component export to a separate file and importing it into both files.

It is also possible the parent component of the component you edited is a class component, which disables Fast Refresh.
Fast Refresh requires at least one parent function component in your React tree. @ webpack-internal:///(app-pages-browser)/../../node_modules/next/dist/client/components/react-dev-overlay/app/hot-reloader-client.js:112
[  481978ms] [INFO] %cDownload the React DevTools for a better development experience: https://reactjs.org/link/react-devtools font-weight:bold @ webpack-internal:///(app-pages-browser)/../../node_modules/next/dist/compiled/react-dom/cjs/react-dom.development.js:38559
[  482046ms] [ERROR] WebSocket connection to 'ws://localhost:3001/socket.io/?EIO=4&transport=websocket' failed: Error in connection establishment: net::ERR_CONNECTION_REFUSED @ webpack-internal:///(app-pages-browser)/../../node_modules/engine.io-client/build/esm/transports/websocket.js:127
[  483455ms] [ERROR] WebSocket connection to 'ws://localhost:3001/socket.io/?EIO=4&transport=websocket' failed: Error in connection establishment: net::ERR_CONNECTION_REFUSED @ webpack-internal:///(app-pages-browser)/../../node_modules/engine.io-client/build/esm/transports/websocket.js:127
[  484648ms] [ERROR] WebSocket connection to 'ws://localhost:3001/socket.io/?EIO=4&transport=websocket' failed: Error in connection establishment: net::ERR_CONNECTION_REFUSED @ webpack-internal:///(app-pages-browser)/../../node_modules/engine.io-client/build/esm/transports/websocket.js:127
[  486024ms] [LOG] [Fast Refresh] rebuilding @ webpack-internal:///(app-pages-browser)/../../node_modules/next/dist/client/components/react-dev-overlay/app/hot-reloader-client.js:186
[  486106ms] [LOG] [Fast Refresh] rebuilding @ webpack-internal:///(app-pages-browser)/../../node_modules/next/dist/client/components/react-dev-overlay/app/hot-reloader-client.js:186
[  486114ms] [LOG] [Fast Refresh] done in 7ms @ webpack-internal:///(app-pages-browser)/../../node_modules/next/dist/client/components/react-dev-overlay/app/hot-reloader-client.js:43
[  486292ms] [WARNING] [Fast Refresh] performing full reload

Fast Refresh will perform a full reload when you edit a file that's imported by modules outside of the React rendering tree.
You might have a file which exports a React component but also exports a value that is imported by a non-React component file.
Consider migrating the non-React component export to a separate file and importing it into both files.

It is also possible the parent component of the component you edited is a class component, which disables Fast Refresh.
Fast Refresh requires at least one parent function component in your React tree. @ webpack-internal:///(app-pages-browser)/../../node_modules/next/dist/client/components/react-dev-overlay/app/hot-reloader-client.js:112
[  486669ms] [INFO] %cDownload the React DevTools for a better development experience: https://reactjs.org/link/react-devtools font-weight:bold @ webpack-internal:///(app-pages-browser)/../../node_modules/next/dist/compiled/react-dom/cjs/react-dom.development.js:38559
[  486743ms] [ERROR] WebSocket connection to 'ws://localhost:3001/socket.io/?EIO=4&transport=websocket' failed: Error in connection establishment: net::ERR_CONNECTION_REFUSED @ webpack-internal:///(app-pages-browser)/../../node_modules/engine.io-client/build/esm/transports/websocket.js:127
[  487827ms] [ERROR] WebSocket connection to 'ws://localhost:3001/socket.io/?EIO=4&transport=websocket' failed: Error in connection establishment: net::ERR_CONNECTION_REFUSED @ webpack-internal:///(app-pages-browser)/../../node_modules/engine.io-client/build/esm/transports/websocket.js:127
[  489020ms] [ERROR] WebSocket connection to 'ws://localhost:3001/socket.io/?EIO=4&transport=websocket' failed: Error in connection establishment: net::ERR_CONNECTION_REFUSED @ webpack-internal:///(app-pages-browser)/../../node_modules/engine.io-client/build/esm/transports/websocket.js:127
[  490640ms] [LOG] [Fast Refresh] rebuilding @ webpack-internal:///(app-pages-browser)/../../node_modules/next/dist/client/components/react-dev-overlay/app/hot-reloader-client.js:186
[  490751ms] [LOG] [Fast Refresh] rebuilding @ webpack-internal:///(app-pages-browser)/../../node_modules/next/dist/client/components/react-dev-overlay/app/hot-reloader-client.js:186
[  490769ms] [LOG] [Fast Refresh] done in 17ms @ webpack-internal:///(app-pages-browser)/../../node_modules/next/dist/client/components/react-dev-overlay/app/hot-reloader-client.js:43
[  490917ms] [LOG] [Fast Refresh] done in 165ms @ webpack-internal:///(app-pages-browser)/../../node_modules/next/dist/client/components/react-dev-overlay/app/hot-reloader-client.js:43
[  494022ms] [ERROR] WebSocket connection to 'ws://localhost:3001/socket.io/?EIO=4&transport=websocket' failed: Error in connection establishment: net::ERR_CONNECTION_REFUSED @ webpack-internal:///(app-pages-browser)/../../node_modules/engine.io-client/build/esm/transports/websocket.js:127
[  494885ms] [LOG] [Fast Refresh] rebuilding @ webpack-internal:///(app-pages-browser)/../../node_modules/next/dist/client/components/react-dev-overlay/app/hot-reloader-client.js:186
[  495007ms] [LOG] [Fast Refresh] done in 122ms @ webpack-internal:///(app-pages-browser)/../../node_modules/next/dist/client/components/react-dev-overlay/app/hot-reloader-client.js:43
[  499026ms] [ERROR] WebSocket connection to 'ws://localhost:3001/socket.io/?EIO=4&transport=websocket' failed: Error in connection establishment: net::ERR_CONNECTION_REFUSED @ webpack-internal:///(app-pages-browser)/../../node_modules/engine.io-client/build/esm/transports/websocket.js:127
[  501702ms] [LOG] [Fast Refresh] rebuilding @ webpack-internal:///(app-pages-browser)/../../node_modules/next/dist/client/components/react-dev-overlay/app/hot-reloader-client.js:186
[  501831ms] [LOG] [Fast Refresh] done in 129ms @ webpack-internal:///(app-pages-browser)/../../node_modules/next/dist/client/components/react-dev-overlay/app/hot-reloader-client.js:43
[  504028ms] [ERROR] WebSocket connection to 'ws://localhost:3001/socket.io/?EIO=4&transport=websocket' failed: Error in connection establishment: net::ERR_CONNECTION_REFUSED @ webpack-internal:///(app-pages-browser)/../../node_modules/engine.io-client/build/esm/transports/websocket.js:127
[  507751ms] [LOG] [Fast Refresh] rebuilding @ webpack-internal:///(app-pages-browser)/../../node_modules/next/dist/client/components/react-dev-overlay/app/hot-reloader-client.js:186
[  507865ms] [LOG] [Fast Refresh] done in 114ms @ webpack-internal:///(app-pages-browser)/../../node_modules/next/dist/client/components/react-dev-overlay/app/hot-reloader-client.js:43
[  509030ms] [ERROR] WebSocket connection to 'ws://localhost:3001/socket.io/?EIO=4&transport=websocket' failed: Error in connection establishment: net::ERR_CONNECTION_REFUSED @ webpack-internal:///(app-pages-browser)/../../node_modules/engine.io-client/build/esm/transports/websocket.js:127
[  511442ms] [LOG] [Fast Refresh] rebuilding @ webpack-internal:///(app-pages-browser)/../../node_modules/next/dist/client/components/react-dev-overlay/app/hot-reloader-client.js:186
[  511610ms] [LOG] [Fast Refresh] done in 167ms @ webpack-internal:///(app-pages-browser)/../../node_modules/next/dist/client/components/react-dev-overlay/app/hot-reloader-client.js:43
[  514031ms] [ERROR] WebSocket connection to 'ws://localhost:3001/socket.io/?EIO=4&transport=websocket' failed: Error in connection establishment: net::ERR_CONNECTION_REFUSED @ webpack-internal:///(app-pages-browser)/../../node_modules/engine.io-client/build/esm/transports/websocket.js:127
[  514757ms] [LOG] [Fast Refresh] rebuilding @ webpack-internal:///(app-pages-browser)/../../node_modules/next/dist/client/components/react-dev-overlay/app/hot-reloader-client.js:186
[  514868ms] [ERROR] Warning: The final argument passed to %s changed size between renders. The order and size of this array must remain constant.

Previous: %s
Incoming: %s%s useEffect [NSS8DY, default] [NSS8DY, default, ] 
    at KubeTerminal (webpack-internal:///(app-pages-browser)/./src/components/terminal/KubeTerminal.tsx:39:11)
    at BailoutToCSR (webpack-internal:///(app-pages-browser)/../../node_modules/next/dist/shared/lib/lazy-dynamic/dynamic-bailout-to-csr.js:13:11)
    at Suspense
    at LoadableComponent
    at div
    at div
    at div
    at GamePage (webpack-internal:///(app-pages-browser)/./src/app/game/[code]/page.tsx:47:78)
    at ClientPageRoot (webpack-internal:///(app-pages-browser)/../../node_modules/next/dist/client/components/client-page.js:14:11)
    at InnerLayoutRouter (webpack-internal:///(app-pages-browser)/../../node_modules/next/dist/client/components/layout-router.js:243:11)
    at RedirectErrorBoundary (webpack-internal:///(app-pages-browser)/../../node_modules/next/dist/client/components/redirect-boundary.js:74:9)
    at RedirectBoundary (webpack-internal:///(app-pages-browser)/../../node_modules/next/dist/client/components/redirect-boundary.js:82:11)
    at NotFoundBoundary (webpack-internal:///(app-pages-browser)/../../node_modules/next/dist/client/components/not-found-boundary.js:84:11)
    at LoadingBoundary (webpack-internal:///(app-pages-browser)/../../node_modules/next/dist/client/components/layout-router.js:348:11)
    at ErrorBoundary (webpack-internal:///(app-pages-browser)/../../node_modules/next/dist/client/components/error-boundary.js:160:11)
    at InnerScrollAndFocusHandler (webpack-internal:///(app-pages-browser)/../../node_modules/next/dist/client/components/layout-router.js:153:9)
    at ScrollAndFocusHandler (webpack-internal:///(app-pages-browser)/../../node_modules/next/dist/client/components/layout-router.js:228:11)
    at RenderFromTemplateContext (webpack-internal:///(app-pages-browser)/../../node_modules/next/dist/client/components/render-from-template-context.js:16:44)
    at OuterLayoutRouter (webpack-internal:///(app-pages-browser)/../../node_modules/next/dist/client/components/layout-router.js:369:11)
    at InnerLayoutRouter (webpack-internal:///(app-pages-browser)/../../node_modules/next/dist/client/components/layout-router.js:243:11)
    at RedirectErrorBoundary (webpack-internal:///(app-pages-browser)/../../node_modules/next/dist/client/components/redirect-boundary.js:74:9)
    at RedirectBoundary (webpack-internal:///(app-pages-browser)/../../node_modules/next/dist/client/components/redirect-boundary.js:82:11)
    at NotFoundBoundary (webpack-internal:///(app-pages-browser)/../../node_modules/next/dist/client/components/not-found-boundary.js:84:11)
    at LoadingBoundary (webpack-internal:///(app-pages-browser)/../../node_modules/next/dist/client/components/layout-router.js:348:11)
    at ErrorBoundary (webpack-internal:///(app-pages-browser)/../../node_modules/next/dist/client/components/error-boundary.js:160:11)
    at InnerScrollAndFocusHandler (webpack-internal:///(app-pages-browser)/../../node_modules/next/dist/client/components/layout-router.js:153:9)
    at ScrollAndFocusHandler (webpack-internal:///(app-pages-browser)/../../node_modules/next/dist/client/components/layout-router.js:228:11)
    at RenderFromTemplateContext (webpack-internal:///(app-pages-browser)/../../node_modules/next/dist/client/components/render-from-template-context.js:16:44)
    at OuterLayoutRouter (webpack-internal:///(app-pages-browser)/../../node_modules/next/dist/client/components/layout-router.js:369:11)
    at InnerLayoutRouter (webpack-internal:///(app-pages-browser)/../../node_modules/next/dist/client/components/layout-router.js:243:11)
    at RedirectErrorBoundary (webpack-internal:///(app-pages-browser)/../../node_modules/next/dist/client/components/redirect-boundary.js:74:9)
    at RedirectBoundary (webpack-internal:///(app-pages-browser)/../../node_modules/next/dist/client/components/redirect-boundary.js:82:11)
    at NotFoundErrorBoundary (webpack-internal:///(app-pages-browser)/../../node_modules/next/dist/client/components/not-found-boundary.js:76:9)
    at NotFoundBoundary (webpack-internal:///(app-pages-browser)/../../node_modules/next/dist/client/components/not-found-boundary.js:84:11)
    at LoadingBoundary (webpack-internal:///(app-pages-browser)/../../node_modules/next/dist/client/components/layout-router.js:348:11)
    at ErrorBoundary (webpack-internal:///(app-pages-browser)/../../node_modules/next/dist/client/components/error-boundary.js:160:11)
    at InnerScrollAndFocusHandler (webpack-internal:///(app-pages-browser)/../../node_modules/next/dist/client/components/layout-router.js:153:9)
    at ScrollAndFocusHandler (webpack-internal:///(app-pages-browser)/../../node_modules/next/dist/client/components/layout-router.js:228:11)
    at RenderFromTemplateContext (webpack-internal:///(app-pages-browser)/../../node_modules/next/dist/client/components/render-from-template-context.js:16:44)
    at OuterLayoutRouter (webpack-internal:///(app-pages-browser)/../../node_modules/next/dist/client/components/layout-router.js:369:11)
    at SocketProvider (webpack-internal:///(app-pages-browser)/./src/providers/SocketProvider.tsx:51:11)
    at ThemeProvider (webpack-internal:///(app-pages-browser)/./src/providers/ThemeProvider.tsx:22:11)
    at body
    at html
    at RootLayout (Server)
    at RedirectErrorBoundary (webpack-internal:///(app-pages-browser)/../../node_modules/next/dist/client/components/redirect-boundary.js:74:9)
    at RedirectBoundary (webpack-internal:///(app-pages-browser)/../../node_modules/next/dist/client/components/redirect-boundary.js:82:11)
    at NotFoundErrorBoundary (webpack-internal:///(app-pages-browser)/../../node_modules/next/dist/client/components/not-found-boundary.js:76:9)
    at NotFoundBoundary (webpack-internal:///(app-pages-browser)/../../node_modules/next/dist/client/components/not-found-boundary.js:84:11)
    at DevRootNotFoundBoundary (webpack-internal:///(app-pages-browser)/../../node_modules/next/dist/client/components/dev-root-not-found-boundary.js:33:11)
    at ReactDevOverlay (webpack-internal:///(app-pages-browser)/../../node_modules/next/dist/client/components/react-dev-overlay/app/ReactDevOverlay.js:87:9)
    at HotReload (webpack-internal:///(app-pages-browser)/../../node_modules/next/dist/client/components/react-dev-overlay/app/hot-reloader-client.js:321:11)
    at Router (webpack-internal:///(app-pages-browser)/../../node_modules/next/dist/client/components/app-router.js:207:11)
    at ErrorBoundaryHandler (webpack-internal:///(app-pages-browser)/../../node_modules/next/dist/client/components/error-boundary.js:113:9)
    at ErrorBoundary (webpack-internal:///(app-pages-browser)/../../node_modules/next/dist/client/components/error-boundary.js:160:11)
    at AppRouter (webpack-internal:///(app-pages-browser)/../../node_modules/next/dist/client/components/app-router.js:577:13)
    at ServerRoot (webpack-internal:///(app-pages-browser)/../../node_modules/next/dist/client/app-index.js:112:27)
    at Root (webpack-internal:///(app-pages-browser)/../../node_modules/next/dist/client/app-index.js:117:11) @ webpack-internal:///(app-pages-browser)/../../node_modules/next/dist/client/app-index.js:32
[  514869ms] [LOG] [Fast Refresh] done in 111ms @ webpack-internal:///(app-pages-browser)/../../node_modules/next/dist/client/components/react-dev-overlay/app/hot-reloader-client.js:43
[  519035ms] [ERROR] WebSocket connection to 'ws://localhost:3001/socket.io/?EIO=4&transport=websocket' failed: Error in connection establishment: net::ERR_CONNECTION_REFUSED @ webpack-internal:///(app-pages-browser)/../../node_modules/engine.io-client/build/esm/transports/websocket.js:127
[  524037ms] [ERROR] WebSocket connection to 'ws://localhost:3001/socket.io/?EIO=4&transport=websocket' failed: Error in connection establishment: net::ERR_CONNECTION_REFUSED @ webpack-internal:///(app-pages-browser)/../../node_modules/engine.io-client/build/esm/transports/websocket.js:127
[  529040ms] [ERROR] WebSocket connection to 'ws://localhost:3001/socket.io/?EIO=4&transport=websocket' failed: Error in connection establishment: net::ERR_CONNECTION_REFUSED @ webpack-internal:///(app-pages-browser)/../../node_modules/engine.io-client/build/esm/transports/websocket.js:127
[  534042ms] [ERROR] WebSocket connection to 'ws://localhost:3001/socket.io/?EIO=4&transport=websocket' failed: Error in connection establishment: net::ERR_CONNECTION_REFUSED @ webpack-internal:///(app-pages-browser)/../../node_modules/engine.io-client/build/esm/transports/websocket.js:127
[  539044ms] [ERROR] WebSocket connection to 'ws://localhost:3001/socket.io/?EIO=4&transport=websocket' failed: Error in connection establishment: net::ERR_CONNECTION_REFUSED @ webpack-internal:///(app-pages-browser)/../../node_modules/engine.io-client/build/esm/transports/websocket.js:127
[  544050ms] [ERROR] WebSocket connection to 'ws://localhost:3001/socket.io/?EIO=4&transport=websocket' failed: Error in connection establishment: net::ERR_CONNECTION_REFUSED @ webpack-internal:///(app-pages-browser)/../../node_modules/engine.io-client/build/esm/transports/websocket.js:127
[  545930ms] [LOG] [Fast Refresh] rebuilding @ webpack-internal:///(app-pages-browser)/../../node_modules/next/dist/client/components/react-dev-overlay/app/hot-reloader-client.js:186
[  546066ms] [LOG] [Fast Refresh] rebuilding @ webpack-internal:///(app-pages-browser)/../../node_modules/next/dist/client/components/react-dev-overlay/app/hot-reloader-client.js:186
[  546075ms] [LOG] [Fast Refresh] done in 9ms @ webpack-internal:///(app-pages-browser)/../../node_modules/next/dist/client/components/react-dev-overlay/app/hot-reloader-client.js:43
[  546299ms] [LOG] [Fast Refresh] done in 232ms @ webpack-internal:///(app-pages-browser)/../../node_modules/next/dist/client/components/react-dev-overlay/app/hot-reloader-client.js:43
[  549054ms] [ERROR] WebSocket connection to 'ws://localhost:3001/socket.io/?EIO=4&transport=websocket' failed: Error in connection establishment: net::ERR_CONNECTION_REFUSED @ webpack-internal:///(app-pages-browser)/../../node_modules/engine.io-client/build/esm/transports/websocket.js:127
[  554057ms] [ERROR] WebSocket connection to 'ws://localhost:3001/socket.io/?EIO=4&transport=websocket' failed: Error in connection establishment: net::ERR_CONNECTION_REFUSED @ webpack-internal:///(app-pages-browser)/../../node_modules/engine.io-client/build/esm/transports/websocket.js:127
[  559060ms] [ERROR] WebSocket connection to 'ws://localhost:3001/socket.io/?EIO=4&transport=websocket' failed: Error in connection establishment: net::ERR_CONNECTION_REFUSED @ webpack-internal:///(app-pages-browser)/../../node_modules/engine.io-client/build/esm/transports/websocket.js:127
[  564063ms] [ERROR] WebSocket connection to 'ws://localhost:3001/socket.io/?EIO=4&transport=websocket' failed: Error in connection establishment: net::ERR_CONNECTION_REFUSED @ webpack-internal:///(app-pages-browser)/../../node_modules/engine.io-client/build/esm/transports/websocket.js:127
[  566571ms] [LOG] [Fast Refresh] rebuilding @ webpack-internal:///(app-pages-browser)/../../node_modules/next/dist/client/components/react-dev-overlay/app/hot-reloader-client.js:186
[  566718ms] [LOG] [Fast Refresh] rebuilding @ webpack-internal:///(app-pages-browser)/../../node_modules/next/dist/client/components/react-dev-overlay/app/hot-reloader-client.js:186
[  566934ms] [WARNING] [Fast Refresh] performing full reload

Fast Refresh will perform a full reload when you edit a file that's imported by modules outside of the React rendering tree.
You might have a file which exports a React component but also exports a value that is imported by a non-React component file.
Consider migrating the non-React component export to a separate file and importing it into both files.

It is also possible the parent component of the component you edited is a class component, which disables Fast Refresh.
Fast Refresh requires at least one parent function component in your React tree. @ webpack-internal:///(app-pages-browser)/../../node_modules/next/dist/client/components/react-dev-overlay/app/hot-reloader-client.js:112
[  567296ms] [INFO] %cDownload the React DevTools for a better development experience: https://reactjs.org/link/react-devtools font-weight:bold @ webpack-internal:///(app-pages-browser)/../../node_modules/next/dist/compiled/react-dom/cjs/react-dom.development.js:38559
[  567381ms] [ERROR] WebSocket connection to 'ws://localhost:3001/socket.io/?EIO=4&transport=websocket' failed: Error in connection establishment: net::ERR_CONNECTION_REFUSED @ webpack-internal:///(app-pages-browser)/../../node_modules/engine.io-client/build/esm/transports/websocket.js:127
[  568675ms] [ERROR] WebSocket connection to 'ws://localhost:3001/socket.io/?EIO=4&transport=websocket' failed: Error in connection establishment: net::ERR_CONNECTION_REFUSED @ webpack-internal:///(app-pages-browser)/../../node_modules/engine.io-client/build/esm/transports/websocket.js:127
[  570868ms] [ERROR] WebSocket connection to 'ws://localhost:3001/socket.io/?EIO=4&transport=websocket' failed: Error in connection establishment: net::ERR_CONNECTION_REFUSED @ webpack-internal:///(app-pages-browser)/../../node_modules/engine.io-client/build/esm/transports/websocket.js:127
[  575208ms] [ERROR] WebSocket connection to 'ws://localhost:3001/socket.io/?EIO=4&transport=websocket' failed: Error in connection establishment: net::ERR_CONNECTION_REFUSED @ webpack-internal:///(app-pages-browser)/../../node_modules/engine.io-client/build/esm/transports/websocket.js:127
[  580214ms] [ERROR] WebSocket connection to 'ws://localhost:3001/socket.io/?EIO=4&transport=websocket' failed: Error in connection establishment: net::ERR_CONNECTION_REFUSED @ webpack-internal:///(app-pages-browser)/../../node_modules/engine.io-client/build/esm/transports/websocket.js:127
[  585217ms] [ERROR] WebSocket connection to 'ws://localhost:3001/socket.io/?EIO=4&transport=websocket' failed: Error in connection establishment: net::ERR_CONNECTION_REFUSED @ webpack-internal:///(app-pages-browser)/../../node_modules/engine.io-client/build/esm/transports/websocket.js:127
[  590222ms] [ERROR] WebSocket connection to 'ws://localhost:3001/socket.io/?EIO=4&transport=websocket' failed: Error in connection establishment: net::ERR_CONNECTION_REFUSED @ webpack-internal:///(app-pages-browser)/../../node_modules/engine.io-client/build/esm/transports/websocket.js:127
[  595232ms] [ERROR] WebSocket connection to 'ws://localhost:3001/socket.io/?EIO=4&transport=websocket' failed: Error in connection establishment: net::ERR_CONNECTION_REFUSED @ webpack-internal:///(app-pages-browser)/../../node_modules/engine.io-client/build/esm/transports/websocket.js:127
[  600240ms] [ERROR] WebSocket connection to 'ws://localhost:3001/socket.io/?EIO=4&transport=websocket' failed: Error in connection establishment: net::ERR_CONNECTION_REFUSED @ webpack-internal:///(app-pages-browser)/../../node_modules/engine.io-client/build/esm/transports/websocket.js:127
[  605248ms] [ERROR] WebSocket connection to 'ws://localhost:3001/socket.io/?EIO=4&transport=websocket' failed: Error in connection establishment: net::ERR_CONNECTION_REFUSED @ webpack-internal:///(app-pages-browser)/../../node_modules/engine.io-client/build/esm/transports/websocket.js:127
[  610254ms] [ERROR] WebSocket connection to 'ws://localhost:3001/socket.io/?EIO=4&transport=websocket' failed: Error in connection establishment: net::ERR_CONNECTION_REFUSED @ webpack-internal:///(app-pages-browser)/../../node_modules/engine.io-client/build/esm/transports/websocket.js:127
[  615261ms] [ERROR] WebSocket connection to 'ws://localhost:3001/socket.io/?EIO=4&transport=websocket' failed: Error in connection establishment: net::ERR_CONNECTION_REFUSED @ webpack-internal:///(app-pages-browser)/../../node_modules/engine.io-client/build/esm/transports/websocket.js:127
[  620407ms] [ERROR] WebSocket connection to 'ws://localhost:3001/socket.io/?EIO=4&transport=websocket' failed: Error in connection establishment: net::ERR_CONNECTION_REFUSED @ webpack-internal:///(app-pages-browser)/../../node_modules/engine.io-client/build/esm/transports/websocket.js:127
[  626409ms] [ERROR] WebSocket connection to 'ws://localhost:3001/socket.io/?EIO=4&transport=websocket' failed: Error in connection establishment: net::ERR_CONNECTION_REFUSED @ webpack-internal:///(app-pages-browser)/../../node_modules/engine.io-client/build/esm/transports/websocket.js:127
[  632534ms] [ERROR] WebSocket connection to 'ws://localhost:3001/socket.io/?EIO=4&transport=websocket' failed: Error in connection establishment: net::ERR_CONNECTION_REFUSED @ webpack-internal:///(app-pages-browser)/../../node_modules/engine.io-client/build/esm/transports/websocket.js:127
[  638772ms] [ERROR] WebSocket connection to 'ws://localhost:3001/socket.io/?EIO=4&transport=websocket' failed: Error in connection establishment: net::ERR_CONNECTION_REFUSED @ webpack-internal:///(app-pages-browser)/../../node_modules/engine.io-client/build/esm/transports/websocket.js:127
[  645288ms] [LOG] [Fast Refresh] rebuilding @ webpack-internal:///(app-pages-browser)/../../node_modules/next/dist/client/components/react-dev-overlay/app/hot-reloader-client.js:186
[  645585ms] [LOG] [Fast Refresh] done in 298ms @ webpack-internal:///(app-pages-browser)/../../node_modules/next/dist/client/components/react-dev-overlay/app/hot-reloader-client.js:43
[  645909ms] [ERROR] WebSocket connection to 'ws://localhost:3001/socket.io/?EIO=4&transport=websocket' failed: Error in connection establishment: net::ERR_CONNECTION_REFUSED @ webpack-internal:///(app-pages-browser)/../../node_modules/engine.io-client/build/esm/transports/websocket.js:127
[  653252ms] [ERROR] WebSocket connection to 'ws://localhost:3001/socket.io/?EIO=4&transport=websocket' failed: Error in connection establishment: net::ERR_CONNECTION_REFUSED @ webpack-internal:///(app-pages-browser)/../../node_modules/engine.io-client/build/esm/transports/websocket.js:127
[  662025ms] [ERROR] WebSocket connection to 'ws://localhost:3001/socket.io/?EIO=4&transport=websocket' failed: Error in connection establishment: net::ERR_CONNECTION_REFUSED @ webpack-internal:///(app-pages-browser)/../../node_modules/engine.io-client/build/esm/transports/websocket.js:127
[  670254ms] [ERROR] WebSocket connection to 'ws://localhost:3001/socket.io/?EIO=4&transport=websocket' failed: Error in connection establishment: net::ERR_CONNECTION_REFUSED @ webpack-internal:///(app-pages-browser)/../../node_modules/engine.io-client/build/esm/transports/websocket.js:127
[  679541ms] [ERROR] WebSocket connection to 'ws://localhost:3001/socket.io/?EIO=4&transport=websocket' failed: Error in connection establishment: net::ERR_CONNECTION_REFUSED @ webpack-internal:///(app-pages-browser)/../../node_modules/engine.io-client/build/esm/transports/websocket.js:127
[  687530ms] [ERROR] WebSocket connection to 'ws://localhost:3001/socket.io/?EIO=4&transport=websocket' failed: Error in connection establishment: net::ERR_CONNECTION_REFUSED @ webpack-internal:///(app-pages-browser)/../../node_modules/engine.io-client/build/esm/transports/websocket.js:127
[  693639ms] [ERROR] WebSocket connection to 'ws://localhost:3001/socket.io/?EIO=4&transport=websocket' failed: Error in connection establishment: net::ERR_CONNECTION_REFUSED @ webpack-internal:///(app-pages-browser)/../../node_modules/engine.io-client/build/esm/transports/websocket.js:127
[  700894ms] [ERROR] WebSocket connection to 'ws://localhost:3001/socket.io/?EIO=4&transport=websocket' failed: Error in connection establishment: net::ERR_CONNECTION_REFUSED @ webpack-internal:///(app-pages-browser)/../../node_modules/engine.io-client/build/esm/transports/websocket.js:127
[  709026ms] [ERROR] WebSocket connection to 'ws://localhost:3001/socket.io/?EIO=4&transport=websocket' failed: Error in connection establishment: net::ERR_CONNECTION_REFUSED @ webpack-internal:///(app-pages-browser)/../../node_modules/engine.io-client/build/esm/transports/websocket.js:127
[  716243ms] [ERROR] WebSocket connection to 'ws://localhost:3001/socket.io/?EIO=4&transport=websocket' failed: Error in connection establishment: net::ERR_CONNECTION_REFUSED @ webpack-internal:///(app-pages-browser)/../../node_modules/engine.io-client/build/esm/transports/websocket.js:127
[  725448ms] [ERROR] WebSocket connection to 'ws://localhost:3001/socket.io/?EIO=4&transport=websocket' failed: Error in connection establishment: net::ERR_CONNECTION_REFUSED @ webpack-internal:///(app-pages-browser)/../../node_modules/engine.io-client/build/esm/transports/websocket.js:127
[  735262ms] [ERROR] WebSocket connection to 'ws://localhost:3001/socket.io/?EIO=4&transport=websocket' failed: Error in connection establishment: net::ERR_CONNECTION_REFUSED @ webpack-internal:///(app-pages-browser)/../../node_modules/engine.io-client/build/esm/transports/websocket.js:127
[  740264ms] [ERROR] WebSocket connection to 'ws://localhost:3001/socket.io/?EIO=4&transport=websocket' failed: Error in connection establishment: net::ERR_CONNECTION_REFUSED @ webpack-internal:///(app-pages-browser)/../../node_modules/engine.io-client/build/esm/transports/websocket.js:127
[  745265ms] [ERROR] WebSocket connection to 'ws://localhost:3001/socket.io/?EIO=4&transport=websocket' failed: Error in connection establishment: net::ERR_CONNECTION_REFUSED @ webpack-internal:///(app-pages-browser)/../../node_modules/engine.io-client/build/esm/transports/websocket.js:127
[  750266ms] [ERROR] WebSocket connection to 'ws://localhost:3001/socket.io/?EIO=4&transport=websocket' failed: Error in connection establishment: net::ERR_CONNECTION_REFUSED @ webpack-internal:///(app-pages-browser)/../../node_modules/engine.io-client/build/esm/transports/websocket.js:127
[  755269ms] [ERROR] WebSocket connection to 'ws://localhost:3001/socket.io/?EIO=4&transport=websocket' failed: Error in connection establishment: net::ERR_CONNECTION_REFUSED @ webpack-internal:///(app-pages-browser)/../../node_modules/engine.io-client/build/esm/transports/websocket.js:127
[  760272ms] [ERROR] WebSocket connection to 'ws://localhost:3001/socket.io/?EIO=4&transport=websocket' failed: Error in connection establishment: net::ERR_CONNECTION_REFUSED @ webpack-internal:///(app-pages-browser)/../../node_modules/engine.io-client/build/esm/transports/websocket.js:127
[  761462ms] [LOG] [Fast Refresh] rebuilding @ webpack-internal:///(app-pages-browser)/../../node_modules/next/dist/client/components/react-dev-overlay/app/hot-reloader-client.js:186
[  761641ms] [LOG] [Fast Refresh] done in 180ms @ webpack-internal:///(app-pages-browser)/../../node_modules/next/dist/client/components/react-dev-overlay/app/hot-reloader-client.js:43
[  765275ms] [ERROR] WebSocket connection to 'ws://localhost:3001/socket.io/?EIO=4&transport=websocket' failed: Error in connection establishment: net::ERR_CONNECTION_REFUSED @ webpack-internal:///(app-pages-browser)/../../node_modules/engine.io-client/build/esm/transports/websocket.js:127
[  770283ms] [ERROR] WebSocket connection to 'ws://localhost:3001/socket.io/?EIO=4&transport=websocket' failed: Error in connection establishment: net::ERR_CONNECTION_REFUSED @ webpack-internal:///(app-pages-browser)/../../node_modules/engine.io-client/build/esm/transports/websocket.js:127
[  775298ms] [ERROR] WebSocket connection to 'ws://localhost:3001/socket.io/?EIO=4&transport=websocket' failed: Error in connection establishment: net::ERR_CONNECTION_REFUSED @ webpack-internal:///(app-pages-browser)/../../node_modules/engine.io-client/build/esm/transports/websocket.js:127
[  778482ms] [LOG] [Fast Refresh] rebuilding @ webpack-internal:///(app-pages-browser)/../../node_modules/next/dist/client/components/react-dev-overlay/app/hot-reloader-client.js:186
[  778615ms] [LOG] [Fast Refresh] done in 134ms @ webpack-internal:///(app-pages-browser)/../../node_modules/next/dist/client/components/react-dev-overlay/app/hot-reloader-client.js:43
[  780336ms] [ERROR] WebSocket connection to 'ws://localhost:3001/socket.io/?EIO=4&transport=websocket' failed: Error in connection establishment: net::ERR_CONNECTION_REFUSED @ webpack-internal:///(app-pages-browser)/../../node_modules/engine.io-client/build/esm/transports/websocket.js:127
[  785383ms] [ERROR] WebSocket connection to 'ws://localhost:3001/socket.io/?EIO=4&transport=websocket' failed: Error in connection establishment: net::ERR_CONNECTION_REFUSED @ webpack-internal:///(app-pages-browser)/../../node_modules/engine.io-client/build/esm/transports/websocket.js:127
[  790495ms] [ERROR] WebSocket connection to 'ws://localhost:3001/socket.io/?EIO=4&transport=websocket' failed: Error in connection establishment: net::ERR_CONNECTION_REFUSED @ webpack-internal:///(app-pages-browser)/../../node_modules/engine.io-client/build/esm/transports/websocket.js:127
[  793367ms] [LOG] [Fast Refresh] rebuilding @ webpack-internal:///(app-pages-browser)/../../node_modules/next/dist/client/components/react-dev-overlay/app/hot-reloader-client.js:186
[  793483ms] [LOG] [Fast Refresh] done in 116ms @ webpack-internal:///(app-pages-browser)/../../node_modules/next/dist/client/components/react-dev-overlay/app/hot-reloader-client.js:43
[  795727ms] [ERROR] WebSocket connection to 'ws://localhost:3001/socket.io/?EIO=4&transport=websocket' failed: Error in connection establishment: net::ERR_CONNECTION_REFUSED @ webpack-internal:///(app-pages-browser)/../../node_modules/engine.io-client/build/esm/transports/websocket.js:127
[  800883ms] [ERROR] WebSocket connection to 'ws://localhost:3001/socket.io/?EIO=4&transport=websocket' failed: Error in connection establishment: net::ERR_CONNECTION_REFUSED @ webpack-internal:///(app-pages-browser)/../../node_modules/engine.io-client/build/esm/transports/websocket.js:127
[  806861ms] [LOG] [Fast Refresh] rebuilding @ webpack-internal:///(app-pages-browser)/../../node_modules/next/dist/client/components/react-dev-overlay/app/hot-reloader-client.js:186
[  806992ms] [LOG] [Fast Refresh] done in 131ms @ webpack-internal:///(app-pages-browser)/../../node_modules/next/dist/client/components/react-dev-overlay/app/hot-reloader-client.js:43
[  807110ms] [ERROR] WebSocket connection to 'ws://localhost:3001/socket.io/?EIO=4&transport=websocket' failed: Error in connection establishment: net::ERR_CONNECTION_REFUSED @ webpack-internal:///(app-pages-browser)/../../node_modules/engine.io-client/build/esm/transports/websocket.js:127
[  813903ms] [ERROR] WebSocket connection to 'ws://localhost:3001/socket.io/?EIO=4&transport=websocket' failed: Error in connection establishment: net::ERR_CONNECTION_REFUSED @ webpack-internal:///(app-pages-browser)/../../node_modules/engine.io-client/build/esm/transports/websocket.js:127
[  820665ms] [LOG] [Fast Refresh] rebuilding @ webpack-internal:///(app-pages-browser)/../../node_modules/next/dist/client/components/react-dev-overlay/app/hot-reloader-client.js:186
[  820773ms] [LOG] [Fast Refresh] done in 108ms @ webpack-internal:///(app-pages-browser)/../../node_modules/next/dist/client/components/react-dev-overlay/app/hot-reloader-client.js:43
[  822981ms] [ERROR] WebSocket connection to 'ws://localhost:3001/socket.io/?EIO=4&transport=websocket' failed: Error in connection establishment: net::ERR_CONNECTION_REFUSED @ webpack-internal:///(app-pages-browser)/../../node_modules/engine.io-client/build/esm/transports/websocket.js:127
[  832039ms] [ERROR] WebSocket connection to 'ws://localhost:3001/socket.io/?EIO=4&transport=websocket' failed: Error in connection establishment: net::ERR_CONNECTION_REFUSED @ webpack-internal:///(app-pages-browser)/../../node_modules/engine.io-client/build/esm/transports/websocket.js:127
[  837495ms] [LOG] [Fast Refresh] rebuilding @ webpack-internal:///(app-pages-browser)/../../node_modules/next/dist/client/components/react-dev-overlay/app/hot-reloader-client.js:186
[  837648ms] [LOG] [Fast Refresh] done in 154ms @ webpack-internal:///(app-pages-browser)/../../node_modules/next/dist/client/components/react-dev-overlay/app/hot-reloader-client.js:43
[  838428ms] [ERROR] WebSocket connection to 'ws://localhost:3001/socket.io/?EIO=4&transport=websocket' failed: Error in connection establishment: net::ERR_CONNECTION_REFUSED @ webpack-internal:///(app-pages-browser)/../../node_modules/engine.io-client/build/esm/transports/websocket.js:127
[  847462ms] [ERROR] WebSocket connection to 'ws://localhost:3001/socket.io/?EIO=4&transport=websocket' failed: Error in connection establishment: net::ERR_CONNECTION_REFUSED @ webpack-internal:///(app-pages-browser)/../../node_modules/engine.io-client/build/esm/transports/websocket.js:127
[  853845ms] [LOG] [Fast Refresh] rebuilding @ webpack-internal:///(app-pages-browser)/../../node_modules/next/dist/client/components/react-dev-overlay/app/hot-reloader-client.js:186
[  853971ms] [LOG] [Fast Refresh] done in 126ms @ webpack-internal:///(app-pages-browser)/../../node_modules/next/dist/client/components/react-dev-overlay/app/hot-reloader-client.js:43
[  856266ms] [ERROR] WebSocket connection to 'ws://localhost:3001/socket.io/?EIO=4&transport=websocket' failed: Error in connection establishment: net::ERR_CONNECTION_REFUSED @ webpack-internal:///(app-pages-browser)/../../node_modules/engine.io-client/build/esm/transports/websocket.js:127
[  861268ms] [ERROR] WebSocket connection to 'ws://localhost:3001/socket.io/?EIO=4&transport=websocket' failed: Error in connection establishment: net::ERR_CONNECTION_REFUSED @ webpack-internal:///(app-pages-browser)/../../node_modules/engine.io-client/build/esm/transports/websocket.js:127
[  866269ms] [ERROR] WebSocket connection to 'ws://localhost:3001/socket.io/?EIO=4&transport=websocket' failed: Error in connection establishment: net::ERR_CONNECTION_REFUSED @ webpack-internal:///(app-pages-browser)/../../node_modules/engine.io-client/build/esm/transports/websocket.js:127
[  871270ms] [ERROR] WebSocket connection to 'ws://localhost:3001/socket.io/?EIO=4&transport=websocket' failed: Error in connection establishment: net::ERR_CONNECTION_REFUSED @ webpack-internal:///(app-pages-browser)/../../node_modules/engine.io-client/build/esm/transports/websocket.js:127
[  872048ms] [LOG] [Fast Refresh] rebuilding @ webpack-internal:///(app-pages-browser)/../../node_modules/next/dist/client/components/react-dev-overlay/app/hot-reloader-client.js:186
[  872159ms] [LOG] [Fast Refresh] done in 110ms @ webpack-internal:///(app-pages-browser)/../../node_modules/next/dist/client/components/react-dev-overlay/app/hot-reloader-client.js:43
[  876272ms] [ERROR] WebSocket connection to 'ws://localhost:3001/socket.io/?EIO=4&transport=websocket' failed: Error in connection establishment: net::ERR_CONNECTION_REFUSED @ webpack-internal:///(app-pages-browser)/../../node_modules/engine.io-client/build/esm/transports/websocket.js:127
[  881274ms] [ERROR] WebSocket connection to 'ws://localhost:3001/socket.io/?EIO=4&transport=websocket' failed: Error in connection establishment: net::ERR_CONNECTION_REFUSED @ webpack-internal:///(app-pages-browser)/../../node_modules/engine.io-client/build/esm/transports/websocket.js:127
[  886276ms] [ERROR] WebSocket connection to 'ws://localhost:3001/socket.io/?EIO=4&transport=websocket' failed: Error in connection establishment: net::ERR_CONNECTION_REFUSED @ webpack-internal:///(app-pages-browser)/../../node_modules/engine.io-client/build/esm/transports/websocket.js:127
[  891285ms] [ERROR] WebSocket connection to 'ws://localhost:3001/socket.io/?EIO=4&transport=websocket' failed: Error in connection establishment: net::ERR_CONNECTION_REFUSED @ webpack-internal:///(app-pages-browser)/../../node_modules/engine.io-client/build/esm/transports/websocket.js:127
[  893040ms] [LOG] [Fast Refresh] rebuilding @ webpack-internal:///(app-pages-browser)/../../node_modules/next/dist/client/components/react-dev-overlay/app/hot-reloader-client.js:186
[  893177ms] [LOG] [Fast Refresh] done in 137ms @ webpack-internal:///(app-pages-browser)/../../node_modules/next/dist/client/components/react-dev-overlay/app/hot-reloader-client.js:43
[  896293ms] [ERROR] WebSocket connection to 'ws://localhost:3001/socket.io/?EIO=4&transport=websocket' failed: Error in connection establishment: net::ERR_CONNECTION_REFUSED @ webpack-internal:///(app-pages-browser)/../../node_modules/engine.io-client/build/esm/transports/websocket.js:127
[  901324ms] [ERROR] WebSocket connection to 'ws://localhost:3001/socket.io/?EIO=4&transport=websocket' failed: Error in connection establishment: net::ERR_CONNECTION_REFUSED @ webpack-internal:///(app-pages-browser)/../../node_modules/engine.io-client/build/esm/transports/websocket.js:127
[  906363ms] [ERROR] WebSocket connection to 'ws://localhost:3001/socket.io/?EIO=4&transport=websocket' failed: Error in connection establishment: net::ERR_CONNECTION_REFUSED @ webpack-internal:///(app-pages-browser)/../../node_modules/engine.io-client/build/esm/transports/websocket.js:127
[  911486ms] [ERROR] WebSocket connection to 'ws://localhost:3001/socket.io/?EIO=4&transport=websocket' failed: Error in connection establishment: net::ERR_CONNECTION_REFUSED @ webpack-internal:///(app-pages-browser)/../../node_modules/engine.io-client/build/esm/transports/websocket.js:127
[  912181ms] [LOG] [Fast Refresh] rebuilding @ webpack-internal:///(app-pages-browser)/../../node_modules/next/dist/client/components/react-dev-overlay/app/hot-reloader-client.js:186
[  912306ms] [LOG] [Fast Refresh] done in 124ms @ webpack-internal:///(app-pages-browser)/../../node_modules/next/dist/client/components/react-dev-overlay/app/hot-reloader-client.js:43
[  916657ms] [ERROR] WebSocket connection to 'ws://localhost:3001/socket.io/?EIO=4&transport=websocket' failed: Error in connection establishment: net::ERR_CONNECTION_REFUSED @ webpack-internal:///(app-pages-browser)/../../node_modules/engine.io-client/build/esm/transports/websocket.js:127
[  917618ms] [LOG] [Fast Refresh] rebuilding @ webpack-internal:///(app-pages-browser)/../../node_modules/next/dist/client/components/react-dev-overlay/app/hot-reloader-client.js:186
[  917735ms] [LOG] [Fast Refresh] done in 118ms @ webpack-internal:///(app-pages-browser)/../../node_modules/next/dist/client/components/react-dev-overlay/app/hot-reloader-client.js:43
[  921822ms] [ERROR] WebSocket connection to 'ws://localhost:3001/socket.io/?EIO=4&transport=websocket' failed: Error in connection establishment: net::ERR_CONNECTION_REFUSED @ webpack-internal:///(app-pages-browser)/../../node_modules/engine.io-client/build/esm/transports/websocket.js:127
[  924215ms] [LOG] [Fast Refresh] rebuilding @ webpack-internal:///(app-pages-browser)/../../node_modules/next/dist/client/components/react-dev-overlay/app/hot-reloader-client.js:186
[  924332ms] [LOG] [Fast Refresh] done in 117ms @ webpack-internal:///(app-pages-browser)/../../node_modules/next/dist/client/components/react-dev-overlay/app/hot-reloader-client.js:43
[  927692ms] [ERROR] WebSocket connection to 'ws://localhost:3001/socket.io/?EIO=4&transport=websocket' failed: Error in connection establishment: net::ERR_CONNECTION_REFUSED @ webpack-internal:///(app-pages-browser)/../../node_modules/engine.io-client/build/esm/transports/websocket.js:127
[  927977ms] [LOG] [Fast Refresh] rebuilding @ webpack-internal:///(app-pages-browser)/../../node_modules/next/dist/client/components/react-dev-overlay/app/hot-reloader-client.js:186
[  928343ms] [LOG] [Fast Refresh] done in 367ms @ webpack-internal:///(app-pages-browser)/../../node_modules/next/dist/client/components/react-dev-overlay/app/hot-reloader-client.js:43
[  933868ms] [ERROR] WebSocket connection to 'ws://localhost:3001/socket.io/?EIO=4&transport=websocket' failed: Error in connection establishment: net::ERR_CONNECTION_REFUSED @ webpack-internal:///(app-pages-browser)/../../node_modules/engine.io-client/build/esm/transports/websocket.js:127
[  941019ms] [LOG] [Fast Refresh] rebuilding @ webpack-internal:///(app-pages-browser)/../../node_modules/next/dist/client/components/react-dev-overlay/app/hot-reloader-client.js:186
[  941243ms] [LOG] [Fast Refresh] done in 224ms @ webpack-internal:///(app-pages-browser)/../../node_modules/next/dist/client/components/react-dev-overlay/app/hot-reloader-client.js:43
[  942935ms] [ERROR] WebSocket connection to 'ws://localhost:3001/socket.io/?EIO=4&transport=websocket' failed: Error in connection establishment: net::ERR_CONNECTION_REFUSED @ webpack-internal:///(app-pages-browser)/../../node_modules/engine.io-client/build/esm/transports/websocket.js:127
[  946973ms] [LOG] [Fast Refresh] rebuilding @ webpack-internal:///(app-pages-browser)/../../node_modules/next/dist/client/components/react-dev-overlay/app/hot-reloader-client.js:186
[  947168ms] [LOG] [Fast Refresh] done in 194ms @ webpack-internal:///(app-pages-browser)/../../node_modules/next/dist/client/components/react-dev-overlay/app/hot-reloader-client.js:43
[  949466ms] [ERROR] WebSocket connection to 'ws://localhost:3001/socket.io/?EIO=4&transport=websocket' failed: Error in connection establishment: net::ERR_CONNECTION_REFUSED @ webpack-internal:///(app-pages-browser)/../../node_modules/engine.io-client/build/esm/transports/websocket.js:127
[  951019ms] [LOG] [Fast Refresh] rebuilding @ webpack-internal:///(app-pages-browser)/../../node_modules/next/dist/client/components/react-dev-overlay/app/hot-reloader-client.js:186
[  951171ms] [LOG] [Fast Refresh] done in 153ms @ webpack-internal:///(app-pages-browser)/../../node_modules/next/dist/client/components/react-dev-overlay/app/hot-reloader-client.js:43
[  956736ms] [ERROR] WebSocket connection to 'ws://localhost:3001/socket.io/?EIO=4&transport=websocket' failed: Error in connection establishment: net::ERR_CONNECTION_REFUSED @ webpack-internal:///(app-pages-browser)/../../node_modules/engine.io-client/build/esm/transports/websocket.js:127
[  960540ms] [LOG] [Fast Refresh] rebuilding @ webpack-internal:///(app-pages-browser)/../../node_modules/next/dist/client/components/react-dev-overlay/app/hot-reloader-client.js:186
[  960723ms] [LOG] [Fast Refresh] done in 184ms @ webpack-internal:///(app-pages-browser)/../../node_modules/next/dist/client/components/react-dev-overlay/app/hot-reloader-client.js:43
[  966509ms] [ERROR] WebSocket connection to 'ws://localhost:3001/socket.io/?EIO=4&transport=websocket' failed: Error in connection establishment: net::ERR_CONNECTION_REFUSED @ webpack-internal:///(app-pages-browser)/../../node_modules/engine.io-client/build/esm/transports/websocket.js:127
[  971014ms] [LOG] [Fast Refresh] rebuilding @ webpack-internal:///(app-pages-browser)/../../node_modules/next/dist/client/components/react-dev-overlay/app/hot-reloader-client.js:186
[  971126ms] [LOG] [Fast Refresh] rebuilding @ webpack-internal:///(app-pages-browser)/../../node_modules/next/dist/client/components/react-dev-overlay/app/hot-reloader-client.js:186
[  971135ms] [LOG] [Fast Refresh] done in 10ms @ webpack-internal:///(app-pages-browser)/../../node_modules/next/dist/client/components/react-dev-overlay/app/hot-reloader-client.js:43
[  971356ms] [LOG] [Fast Refresh] done in 230ms @ webpack-internal:///(app-pages-browser)/../../node_modules/next/dist/client/components/react-dev-overlay/app/hot-reloader-client.js:43
[  973995ms] [ERROR] WebSocket connection to 'ws://localhost:3001/socket.io/?EIO=4&transport=websocket' failed: Error in connection establishment: net::ERR_CONNECTION_REFUSED @ webpack-internal:///(app-pages-browser)/../../node_modules/engine.io-client/build/esm/transports/websocket.js:127
[  980999ms] [LOG] [Fast Refresh] rebuilding @ webpack-internal:///(app-pages-browser)/../../node_modules/next/dist/client/components/react-dev-overlay/app/hot-reloader-client.js:186
[  981160ms] [LOG] [Fast Refresh] done in 162ms @ webpack-internal:///(app-pages-browser)/../../node_modules/next/dist/client/components/react-dev-overlay/app/hot-reloader-client.js:43
[  981629ms] [ERROR] WebSocket connection to 'ws://localhost:3001/socket.io/?EIO=4&transport=websocket' failed: Error in connection establishment: net::ERR_CONNECTION_REFUSED @ webpack-internal:///(app-pages-browser)/../../node_modules/engine.io-client/build/esm/transports/websocket.js:127
[  991247ms] [ERROR] WebSocket connection to 'ws://localhost:3001/socket.io/?EIO=4&transport=websocket' failed: Error in connection establishment: net::ERR_CONNECTION_REFUSED @ webpack-internal:///(app-pages-browser)/../../node_modules/engine.io-client/build/esm/transports/websocket.js:127
[  997910ms] [ERROR] WebSocket connection to 'ws://localhost:3001/socket.io/?EIO=4&transport=websocket' failed: Error in connection establishment: net::ERR_CONNECTION_REFUSED @ webpack-internal:///(app-pages-browser)/../../node_modules/engine.io-client/build/esm/transports/websocket.js:127
[ 1003592ms] [LOG] [Fast Refresh] rebuilding @ webpack-internal:///(app-pages-browser)/../../node_modules/next/dist/client/components/react-dev-overlay/app/hot-reloader-client.js:186
[ 1003734ms] [LOG] [Fast Refresh] rebuilding @ webpack-internal:///(app-pages-browser)/../../node_modules/next/dist/client/components/react-dev-overlay/app/hot-reloader-client.js:186
[ 1003745ms] [LOG] [Fast Refresh] done in 11ms @ webpack-internal:///(app-pages-browser)/../../node_modules/next/dist/client/components/react-dev-overlay/app/hot-reloader-client.js:43
[ 1003989ms] [LOG] [Fast Refresh] done in 256ms @ webpack-internal:///(app-pages-browser)/../../node_modules/next/dist/client/components/react-dev-overlay/app/hot-reloader-client.js:43
[ 1005421ms] [ERROR] WebSocket connection to 'ws://localhost:3001/socket.io/?EIO=4&transport=websocket' failed: Error in connection establishment: net::ERR_CONNECTION_REFUSED @ webpack-internal:///(app-pages-browser)/../../node_modules/engine.io-client/build/esm/transports/websocket.js:127
[ 1014882ms] [ERROR] WebSocket connection to 'ws://localhost:3001/socket.io/?EIO=4&transport=websocket' failed: Error in connection establishment: net::ERR_CONNECTION_REFUSED @ webpack-internal:///(app-pages-browser)/../../node_modules/engine.io-client/build/esm/transports/websocket.js:127
[ 1015944ms] [LOG] [Fast Refresh] rebuilding @ webpack-internal:///(app-pages-browser)/../../node_modules/next/dist/client/components/react-dev-overlay/app/hot-reloader-client.js:186
[ 1016162ms] [LOG] [Fast Refresh] done in 217ms @ webpack-internal:///(app-pages-browser)/../../node_modules/next/dist/client/components/react-dev-overlay/app/hot-reloader-client.js:43
[ 1023502ms] [ERROR] WebSocket connection to 'ws://localhost:3001/socket.io/?EIO=4&transport=websocket' failed: Error in connection establishment: net::ERR_CONNECTION_REFUSED @ webpack-internal:///(app-pages-browser)/../../node_modules/engine.io-client/build/esm/transports/websocket.js:127
[ 1030564ms] [ERROR] WebSocket connection to 'ws://localhost:3001/socket.io/?EIO=4&transport=websocket' failed: Error in connection establishment: net::ERR_CONNECTION_REFUSED @ webpack-internal:///(app-pages-browser)/../../node_modules/engine.io-client/build/esm/transports/websocket.js:127
[ 1032797ms] [LOG] [Fast Refresh] rebuilding @ webpack-internal:///(app-pages-browser)/../../node_modules/next/dist/client/components/react-dev-overlay/app/hot-reloader-client.js:186
[ 1033255ms] [WARNING] [Fast Refresh] performing full reload

Fast Refresh will perform a full reload when you edit a file that's imported by modules outside of the React rendering tree.
You might have a file which exports a React component but also exports a value that is imported by a non-React component file.
Consider migrating the non-React component export to a separate file and importing it into both files.

It is also possible the parent component of the component you edited is a class component, which disables Fast Refresh.
Fast Refresh requires at least one parent function component in your React tree. @ webpack-internal:///(app-pages-browser)/../../node_modules/next/dist/client/components/react-dev-overlay/app/hot-reloader-client.js:112
[ 1033910ms] [INFO] %cDownload the React DevTools for a better development experience: https://reactjs.org/link/react-devtools font-weight:bold @ webpack-internal:///(app-pages-browser)/../../node_modules/next/dist/compiled/react-dom/cjs/react-dom.development.js:38559
[ 1036365ms] [ERROR] WebSocket connection to 'ws://localhost:3001/socket.io/?EIO=4&transport=websocket' failed: Error in connection establishment: net::ERR_CONNECTION_REFUSED @ webpack-internal:///(app-pages-browser)/../../node_modules/engine.io-client/build/esm/transports/websocket.js:127
[ 1037938ms] [ERROR] WebSocket connection to 'ws://localhost:3001/socket.io/?EIO=4&transport=websocket' failed: Error in connection establishment: net::ERR_CONNECTION_REFUSED @ webpack-internal:///(app-pages-browser)/../../node_modules/engine.io-client/build/esm/transports/websocket.js:127
[ 1041047ms] [ERROR] WebSocket connection to 'ws://localhost:3001/socket.io/?EIO=4&transport=websocket' failed: Error in connection establishment: net::ERR_CONNECTION_REFUSED @ webpack-internal:///(app-pages-browser)/../../node_modules/engine.io-client/build/esm/transports/websocket.js:127
[ 1046676ms] [ERROR] WebSocket connection to 'ws://localhost:3001/socket.io/?EIO=4&transport=websocket' failed: Error in connection establishment: net::ERR_CONNECTION_REFUSED @ webpack-internal:///(app-pages-browser)/../../node_modules/engine.io-client/build/esm/transports/websocket.js:127
[ 1053027ms] [ERROR] WebSocket connection to 'ws://localhost:3001/socket.io/?EIO=4&transport=websocket' failed: Error in connection establishment: net::ERR_CONNECTION_REFUSED @ webpack-internal:///(app-pages-browser)/../../node_modules/engine.io-client/build/esm/transports/websocket.js:127
[ 1061613ms] [ERROR] WebSocket connection to 'ws://localhost:3001/socket.io/?EIO=4&transport=websocket' failed: Error in connection establishment: net::ERR_CONNECTION_REFUSED @ webpack-internal:///(app-pages-browser)/../../node_modules/engine.io-client/build/esm/transports/websocket.js:127
[ 1071202ms] [ERROR] WebSocket connection to 'ws://localhost:3001/socket.io/?EIO=4&transport=websocket' failed: Error in connection establishment: net::ERR_CONNECTION_REFUSED @ webpack-internal:///(app-pages-browser)/../../node_modules/engine.io-client/build/esm/transports/websocket.js:127
[ 1078260ms] [ERROR] WebSocket connection to 'ws://localhost:3001/socket.io/?EIO=4&transport=websocket' failed: Error in connection establishment: net::ERR_CONNECTION_REFUSED @ webpack-internal:///(app-pages-browser)/../../node_modules/engine.io-client/build/esm/transports/websocket.js:127
[ 1087681ms] [ERROR] WebSocket connection to 'ws://localhost:3001/socket.io/?EIO=4&transport=websocket' failed: Error in connection establishment: net::ERR_CONNECTION_REFUSED @ webpack-internal:///(app-pages-browser)/../../node_modules/engine.io-client/build/esm/transports/websocket.js:127
[ 1095726ms] [ERROR] WebSocket connection to 'ws://localhost:3001/socket.io/?EIO=4&transport=websocket' failed: Error in connection establishment: net::ERR_CONNECTION_REFUSED @ webpack-internal:///(app-pages-browser)/../../node_modules/engine.io-client/build/esm/transports/websocket.js:127
[ 1100746ms] [ERROR] WebSocket connection to 'ws://localhost:3001/socket.io/?EIO=4&transport=websocket' failed: Error in connection establishment: net::ERR_CONNECTION_REFUSED @ webpack-internal:///(app-pages-browser)/../../node_modules/engine.io-client/build/esm/transports/websocket.js:127
[ 1105819ms] [ERROR] WebSocket connection to 'ws://localhost:3001/socket.io/?EIO=4&transport=websocket' failed: Error in connection establishment: net::ERR_CONNECTION_REFUSED @ webpack-internal:///(app-pages-browser)/../../node_modules/engine.io-client/build/esm/transports/websocket.js:127
[ 1110887ms] [ERROR] WebSocket connection to 'ws://localhost:3001/socket.io/?EIO=4&transport=websocket' failed: Error in connection establishment: net::ERR_CONNECTION_REFUSED @ webpack-internal:///(app-pages-browser)/../../node_modules/engine.io-client/build/esm/transports/websocket.js:127
[ 1116026ms] [ERROR] WebSocket connection to 'ws://localhost:3001/socket.io/?EIO=4&transport=websocket' failed: Error in connection establishment: net::ERR_CONNECTION_REFUSED @ webpack-internal:///(app-pages-browser)/../../node_modules/engine.io-client/build/esm/transports/websocket.js:127
[ 1121107ms] [ERROR] WebSocket connection to 'ws://localhost:3001/socket.io/?EIO=4&transport=websocket' failed: Error in connection establishment: net::ERR_CONNECTION_REFUSED @ webpack-internal:///(app-pages-browser)/../../node_modules/engine.io-client/build/esm/transports/websocket.js:127
[ 1126385ms] [ERROR] WebSocket connection to 'ws://localhost:3001/socket.io/?EIO=4&transport=websocket' failed: Error in connection establishment: net::ERR_CONNECTION_REFUSED @ webpack-internal:///(app-pages-browser)/../../node_modules/engine.io-client/build/esm/transports/websocket.js:127
[ 1131583ms] [ERROR] WebSocket connection to 'ws://localhost:3001/socket.io/?EIO=4&transport=websocket' failed: Error in connection establishment: net::ERR_CONNECTION_REFUSED @ webpack-internal:///(app-pages-browser)/../../node_modules/engine.io-client/build/esm/transports/websocket.js:127
[ 1136847ms] [ERROR] WebSocket connection to 'ws://localhost:3001/socket.io/?EIO=4&transport=websocket' failed: Error in connection establishment: net::ERR_CONNECTION_REFUSED @ webpack-internal:///(app-pages-browser)/../../node_modules/engine.io-client/build/esm/transports/websocket.js:127
[ 1141989ms] [ERROR] WebSocket connection to 'ws://localhost:3001/socket.io/?EIO=4&transport=websocket' failed: Error in connection establishment: net::ERR_CONNECTION_REFUSED @ webpack-internal:///(app-pages-browser)/../../node_modules/engine.io-client/build/esm/transports/websocket.js:127
[ 1147777ms] [ERROR] WebSocket connection to 'ws://localhost:3001/socket.io/?EIO=4&transport=websocket' failed: Error in connection establishment: net::ERR_CONNECTION_REFUSED @ webpack-internal:///(app-pages-browser)/../../node_modules/engine.io-client/build/esm/transports/websocket.js:127
[ 1153520ms] [ERROR] WebSocket connection to 'ws://localhost:3001/socket.io/?EIO=4&transport=websocket' failed: Error in connection establishment: net::ERR_CONNECTION_REFUSED @ webpack-internal:///(app-pages-browser)/../../node_modules/engine.io-client/build/esm/transports/websocket.js:127
[ 1160772ms] [ERROR] WebSocket connection to 'ws://localhost:3001/socket.io/?EIO=4&transport=websocket' failed: Error in connection establishment: net::ERR_CONNECTION_REFUSED @ webpack-internal:///(app-pages-browser)/../../node_modules/engine.io-client/build/esm/transports/websocket.js:127
[ 1168251ms] [ERROR] WebSocket connection to 'ws://localhost:3001/socket.io/?EIO=4&transport=websocket' failed: Error in connection establishment: net::ERR_CONNECTION_REFUSED @ webpack-internal:///(app-pages-browser)/../../node_modules/engine.io-client/build/esm/transports/websocket.js:127
[ 1177808ms] [ERROR] WebSocket connection to 'ws://localhost:3001/socket.io/?EIO=4&transport=websocket' failed: Error in connection establishment: net::ERR_CONNECTION_REFUSED @ webpack-internal:///(app-pages-browser)/../../node_modules/engine.io-client/build/esm/transports/websocket.js:127
[ 1185982ms] [ERROR] WebSocket connection to 'ws://localhost:3001/socket.io/?EIO=4&transport=websocket' failed: Error in connection establishment: net::ERR_CONNECTION_REFUSED @ webpack-internal:///(app-pages-browser)/../../node_modules/engine.io-client/build/esm/transports/websocket.js:127
[ 1193315ms] [ERROR] WebSocket connection to 'ws://localhost:3001/socket.io/?EIO=4&transport=websocket' failed: Error in connection establishment: net::ERR_CONNECTION_REFUSED @ webpack-internal:///(app-pages-browser)/../../node_modules/engine.io-client/build/esm/transports/websocket.js:127
[ 1199558ms] [ERROR] WebSocket connection to 'ws://localhost:3001/socket.io/?EIO=4&transport=websocket' failed: Error in connection establishment: net::ERR_CONNECTION_REFUSED @ webpack-internal:///(app-pages-browser)/../../node_modules/engine.io-client/build/esm/transports/websocket.js:127
[ 1208203ms] [ERROR] WebSocket connection to 'ws://localhost:3001/socket.io/?EIO=4&transport=websocket' failed: Error in connection establishment: net::ERR_CONNECTION_REFUSED @ webpack-internal:///(app-pages-browser)/../../node_modules/engine.io-client/build/esm/transports/websocket.js:127
[ 1214718ms] [ERROR] WebSocket connection to 'ws://localhost:3001/socket.io/?EIO=4&transport=websocket' failed: Error in connection establishment: net::ERR_CONNECTION_REFUSED @ webpack-internal:///(app-pages-browser)/../../node_modules/engine.io-client/build/esm/transports/websocket.js:127
[ 1222501ms] [ERROR] WebSocket connection to 'ws://localhost:3001/socket.io/?EIO=4&transport=websocket' failed: Error in connection establishment: net::ERR_CONNECTION_REFUSED @ webpack-internal:///(app-pages-browser)/../../node_modules/engine.io-client/build/esm/transports/websocket.js:127
[ 1229186ms] [ERROR] WebSocket connection to 'ws://localhost:3001/socket.io/?EIO=4&transport=websocket' failed: Error in connection establishment: net::ERR_CONNECTION_REFUSED @ webpack-internal:///(app-pages-browser)/../../node_modules/engine.io-client/build/esm/transports/websocket.js:127
[ 1235509ms] [ERROR] WebSocket connection to 'ws://localhost:3001/socket.io/?EIO=4&transport=websocket' failed: Error in connection establishment: net::ERR_CONNECTION_REFUSED @ webpack-internal:///(app-pages-browser)/../../node_modules/engine.io-client/build/esm/transports/websocket.js:127
[ 1244931ms] [ERROR] WebSocket connection to 'ws://localhost:3001/socket.io/?EIO=4&transport=websocket' failed: Error in connection establishment: net::ERR_CONNECTION_REFUSED @ webpack-internal:///(app-pages-browser)/../../node_modules/engine.io-client/build/esm/transports/websocket.js:127
[ 1251385ms] [ERROR] WebSocket connection to 'ws://localhost:3001/socket.io/?EIO=4&transport=websocket' failed: Error in connection establishment: net::ERR_CONNECTION_REFUSED @ webpack-internal:///(app-pages-browser)/../../node_modules/engine.io-client/build/esm/transports/websocket.js:127
[ 1258349ms] [ERROR] WebSocket connection to 'ws://localhost:3001/socket.io/?EIO=4&transport=websocket' failed: Error in connection establishment: net::ERR_CONNECTION_REFUSED @ webpack-internal:///(app-pages-browser)/../../node_modules/engine.io-client/build/esm/transports/websocket.js:127
[ 1267005ms] [ERROR] WebSocket connection to 'ws://localhost:3001/socket.io/?EIO=4&transport=websocket' failed: Error in connection establishment: net::ERR_CONNECTION_REFUSED @ webpack-internal:///(app-pages-browser)/../../node_modules/engine.io-client/build/esm/transports/websocket.js:127
[ 1275475ms] [ERROR] WebSocket connection to 'ws://localhost:3001/socket.io/?EIO=4&transport=websocket' failed: Error in connection establishment: net::ERR_CONNECTION_REFUSED @ webpack-internal:///(app-pages-browser)/../../node_modules/engine.io-client/build/esm/transports/websocket.js:127
[ 1281683ms] [ERROR] WebSocket connection to 'ws://localhost:3001/socket.io/?EIO=4&transport=websocket' failed: Error in connection establishment: net::ERR_CONNECTION_REFUSED @ webpack-internal:///(app-pages-browser)/../../node_modules/engine.io-client/build/esm/transports/websocket.js:127
[ 1290607ms] [ERROR] WebSocket connection to 'ws://localhost:3001/socket.io/?EIO=4&transport=websocket' failed: Error in connection establishment: net::ERR_CONNECTION_REFUSED @ webpack-internal:///(app-pages-browser)/../../node_modules/engine.io-client/build/esm/transports/websocket.js:127
[ 1298088ms] [ERROR] WebSocket connection to 'ws://localhost:3001/socket.io/?EIO=4&transport=websocket' failed: Error in connection establishment: net::ERR_CONNECTION_REFUSED @ webpack-internal:///(app-pages-browser)/../../node_modules/engine.io-client/build/esm/transports/websocket.js:127
[ 1304187ms] [ERROR] WebSocket connection to 'ws://localhost:3001/socket.io/?EIO=4&transport=websocket' failed: Error in connection establishment: net::ERR_CONNECTION_REFUSED @ webpack-internal:///(app-pages-browser)/../../node_modules/engine.io-client/build/esm/transports/websocket.js:127
[ 1313318ms] [ERROR] WebSocket connection to 'ws://localhost:3001/socket.io/?EIO=4&transport=websocket' failed: Error in connection establishment: net::ERR_CONNECTION_REFUSED @ webpack-internal:///(app-pages-browser)/../../node_modules/engine.io-client/build/esm/transports/websocket.js:127
[ 1321259ms] [ERROR] WebSocket connection to 'ws://localhost:3001/socket.io/?EIO=4&transport=websocket' failed: Error in connection establishment: net::ERR_CONNECTION_REFUSED @ webpack-internal:///(app-pages-browser)/../../node_modules/engine.io-client/build/esm/transports/websocket.js:127
[ 1330021ms] [ERROR] WebSocket connection to 'ws://localhost:3001/socket.io/?EIO=4&transport=websocket' failed: Error in connection establishment: net::ERR_CONNECTION_REFUSED @ webpack-internal:///(app-pages-browser)/../../node_modules/engine.io-client/build/esm/transports/websocket.js:127
[ 1337204ms] [ERROR] WebSocket connection to 'ws://localhost:3001/socket.io/?EIO=4&transport=websocket' failed: Error in connection establishment: net::ERR_CONNECTION_REFUSED @ webpack-internal:///(app-pages-browser)/../../node_modules/engine.io-client/build/esm/transports/websocket.js:127
[ 1342206ms] [ERROR] WebSocket connection to 'ws://localhost:3001/socket.io/?EIO=4&transport=websocket' failed: Error in connection establishment: net::ERR_CONNECTION_REFUSED @ webpack-internal:///(app-pages-browser)/../../node_modules/engine.io-client/build/esm/transports/websocket.js:127
[ 1347206ms] [ERROR] WebSocket connection to 'ws://localhost:3001/socket.io/?EIO=4&transport=websocket' failed: Error in connection establishment: net::ERR_CONNECTION_REFUSED @ webpack-internal:///(app-pages-browser)/../../node_modules/engine.io-client/build/esm/transports/websocket.js:127
[ 1352207ms] [ERROR] WebSocket connection to 'ws://localhost:3001/socket.io/?EIO=4&transport=websocket' failed: Error in connection establishment: net::ERR_CONNECTION_REFUSED @ webpack-internal:///(app-pages-browser)/../../node_modules/engine.io-client/build/esm/transports/websocket.js:127
[ 1357209ms] [ERROR] WebSocket connection to 'ws://localhost:3001/socket.io/?EIO=4&transport=websocket' failed: Error in connection establishment: net::ERR_CONNECTION_REFUSED @ webpack-internal:///(app-pages-browser)/../../node_modules/engine.io-client/build/esm/transports/websocket.js:127
[ 1362210ms] [ERROR] WebSocket connection to 'ws://localhost:3001/socket.io/?EIO=4&transport=websocket' failed: Error in connection establishment: net::ERR_CONNECTION_REFUSED @ webpack-internal:///(app-pages-browser)/../../node_modules/engine.io-client/build/esm/transports/websocket.js:127
[ 1367214ms] [ERROR] WebSocket connection to 'ws://localhost:3001/socket.io/?EIO=4&transport=websocket' failed: Error in connection establishment: net::ERR_CONNECTION_REFUSED @ webpack-internal:///(app-pages-browser)/../../node_modules/engine.io-client/build/esm/transports/websocket.js:127
[ 1372224ms] [ERROR] WebSocket connection to 'ws://localhost:3001/socket.io/?EIO=4&transport=websocket' failed: Error in connection establishment: net::ERR_CONNECTION_REFUSED @ webpack-internal:///(app-pages-browser)/../../node_modules/engine.io-client/build/esm/transports/websocket.js:127
[ 1377231ms] [ERROR] WebSocket connection to 'ws://localhost:3001/socket.io/?EIO=4&transport=websocket' failed: Error in connection establishment: net::ERR_CONNECTION_REFUSED @ webpack-internal:///(app-pages-browser)/../../node_modules/engine.io-client/build/esm/transports/websocket.js:127
[ 1382244ms] [ERROR] WebSocket connection to 'ws://localhost:3001/socket.io/?EIO=4&transport=websocket' failed: Error in connection establishment: net::ERR_CONNECTION_REFUSED @ webpack-internal:///(app-pages-browser)/../../node_modules/engine.io-client/build/esm/transports/websocket.js:127
[ 1387289ms] [ERROR] WebSocket connection to 'ws://localhost:3001/socket.io/?EIO=4&transport=websocket' failed: Error in connection establishment: net::ERR_CONNECTION_REFUSED @ webpack-internal:///(app-pages-browser)/../../node_modules/engine.io-client/build/esm/transports/websocket.js:127
[ 1392405ms] [ERROR] WebSocket connection to 'ws://localhost:3001/socket.io/?EIO=4&transport=websocket' failed: Error in connection establishment: net::ERR_CONNECTION_REFUSED @ webpack-internal:///(app-pages-browser)/../../node_modules/engine.io-client/build/esm/transports/websocket.js:127
[ 1397539ms] [ERROR] WebSocket connection to 'ws://localhost:3001/socket.io/?EIO=4&transport=websocket' failed: Error in connection establishment: net::ERR_CONNECTION_REFUSED @ webpack-internal:///(app-pages-browser)/../../node_modules/engine.io-client/build/esm/transports/websocket.js:127
[ 1403037ms] [ERROR] WebSocket connection to 'ws://localhost:3001/socket.io/?EIO=4&transport=websocket' failed: Error in connection establishment: net::ERR_CONNECTION_REFUSED @ webpack-internal:///(app-pages-browser)/../../node_modules/engine.io-client/build/esm/transports/websocket.js:127
[ 1409213ms] [ERROR] WebSocket connection to 'ws://localhost:3001/socket.io/?EIO=4&transport=websocket' failed: Error in connection establishment: net::ERR_CONNECTION_REFUSED @ webpack-internal:///(app-pages-browser)/../../node_modules/engine.io-client/build/esm/transports/websocket.js:127
[ 1416451ms] [ERROR] WebSocket connection to 'ws://localhost:3001/socket.io/?EIO=4&transport=websocket' failed: Error in connection establishment: net::ERR_CONNECTION_REFUSED @ webpack-internal:///(app-pages-browser)/../../node_modules/engine.io-client/build/esm/transports/websocket.js:127
[ 1423914ms] [ERROR] WebSocket connection to 'ws://localhost:3001/socket.io/?EIO=4&transport=websocket' failed: Error in connection establishment: net::ERR_CONNECTION_REFUSED @ webpack-internal:///(app-pages-browser)/../../node_modules/engine.io-client/build/esm/transports/websocket.js:127
[ 1432696ms] [ERROR] WebSocket connection to 'ws://localhost:3001/socket.io/?EIO=4&transport=websocket' failed: Error in connection establishment: net::ERR_CONNECTION_REFUSED @ webpack-internal:///(app-pages-browser)/../../node_modules/engine.io-client/build/esm/transports/websocket.js:127
[ 1440274ms] [ERROR] WebSocket connection to 'ws://localhost:3001/socket.io/?EIO=4&transport=websocket' failed: Error in connection establishment: net::ERR_CONNECTION_REFUSED @ webpack-internal:///(app-pages-browser)/../../node_modules/engine.io-client/build/esm/transports/websocket.js:127
[ 1447487ms] [ERROR] WebSocket connection to 'ws://localhost:3001/socket.io/?EIO=4&transport=websocket' failed: Error in connection establishment: net::ERR_CONNECTION_REFUSED @ webpack-internal:///(app-pages-browser)/../../node_modules/engine.io-client/build/esm/transports/websocket.js:127
[ 1457210ms] [ERROR] WebSocket connection to 'ws://localhost:3001/socket.io/?EIO=4&transport=websocket' failed: Error in connection establishment: net::ERR_CONNECTION_REFUSED @ webpack-internal:///(app-pages-browser)/../../node_modules/engine.io-client/build/esm/transports/websocket.js:127
[ 1462211ms] [ERROR] WebSocket connection to 'ws://localhost:3001/socket.io/?EIO=4&transport=websocket' failed: Error in connection establishment: net::ERR_CONNECTION_REFUSED @ webpack-internal:///(app-pages-browser)/../../node_modules/engine.io-client/build/esm/transports/websocket.js:127
[ 1467212ms] [ERROR] WebSocket connection to 'ws://localhost:3001/socket.io/?EIO=4&transport=websocket' failed: Error in connection establishment: net::ERR_CONNECTION_REFUSED @ webpack-internal:///(app-pages-browser)/../../node_modules/engine.io-client/build/esm/transports/websocket.js:127
[ 1472213ms] [ERROR] WebSocket connection to 'ws://localhost:3001/socket.io/?EIO=4&transport=websocket' failed: Error in connection establishment: net::ERR_CONNECTION_REFUSED @ webpack-internal:///(app-pages-browser)/../../node_modules/engine.io-client/build/esm/transports/websocket.js:127
[ 1477214ms] [ERROR] WebSocket connection to 'ws://localhost:3001/socket.io/?EIO=4&transport=websocket' failed: Error in connection establishment: net::ERR_CONNECTION_REFUSED @ webpack-internal:///(app-pages-browser)/../../node_modules/engine.io-client/build/esm/transports/websocket.js:127
[ 1482216ms] [ERROR] WebSocket connection to 'ws://localhost:3001/socket.io/?EIO=4&transport=websocket' failed: Error in connection establishment: net::ERR_CONNECTION_REFUSED @ webpack-internal:///(app-pages-browser)/../../node_modules/engine.io-client/build/esm/transports/websocket.js:127
[ 1487220ms] [ERROR] WebSocket connection to 'ws://localhost:3001/socket.io/?EIO=4&transport=websocket' failed: Error in connection establishment: net::ERR_CONNECTION_REFUSED @ webpack-internal:///(app-pages-browser)/../../node_modules/engine.io-client/build/esm/transports/websocket.js:127
[ 1492227ms] [ERROR] WebSocket connection to 'ws://localhost:3001/socket.io/?EIO=4&transport=websocket' failed: Error in connection establishment: net::ERR_CONNECTION_REFUSED @ webpack-internal:///(app-pages-browser)/../../node_modules/engine.io-client/build/esm/transports/websocket.js:127
[ 1497233ms] [ERROR] WebSocket connection to 'ws://localhost:3001/socket.io/?EIO=4&transport=websocket' failed: Error in connection establishment: net::ERR_CONNECTION_REFUSED @ webpack-internal:///(app-pages-browser)/../../node_modules/engine.io-client/build/esm/transports/websocket.js:127
[ 1502259ms] [ERROR] WebSocket connection to 'ws://localhost:3001/socket.io/?EIO=4&transport=websocket' failed: Error in connection establishment: net::ERR_CONNECTION_REFUSED @ webpack-internal:///(app-pages-browser)/../../node_modules/engine.io-client/build/esm/transports/websocket.js:127
[ 1507276ms] [ERROR] WebSocket connection to 'ws://localhost:3001/socket.io/?EIO=4&transport=websocket' failed: Error in connection establishment: net::ERR_CONNECTION_REFUSED @ webpack-internal:///(app-pages-browser)/../../node_modules/engine.io-client/build/esm/transports/websocket.js:127
[ 1512425ms] [ERROR] WebSocket connection to 'ws://localhost:3001/socket.io/?EIO=4&transport=websocket' failed: Error in connection establishment: net::ERR_CONNECTION_REFUSED @ webpack-internal:///(app-pages-browser)/../../node_modules/engine.io-client/build/esm/transports/websocket.js:127
[ 1517611ms] [ERROR] WebSocket connection to 'ws://localhost:3001/socket.io/?EIO=4&transport=websocket' failed: Error in connection establishment: net::ERR_CONNECTION_REFUSED @ webpack-internal:///(app-pages-browser)/../../node_modules/engine.io-client/build/esm/transports/websocket.js:127
[ 2016720ms] [LOG] [Fast Refresh] rebuilding @ webpack-internal:///(app-pages-browser)/../../node_modules/next/dist/client/components/react-dev-overlay/app/hot-reloader-client.js:186
[ 2016927ms] [LOG] [Fast Refresh] done in 207ms @ webpack-internal:///(app-pages-browser)/../../node_modules/next/dist/client/components/react-dev-overlay/app/hot-reloader-client.js:43
[ 2040658ms] [LOG] [Fast Refresh] rebuilding @ webpack-internal:///(app-pages-browser)/../../node_modules/next/dist/client/components/react-dev-overlay/app/hot-reloader-client.js:186
[ 2040783ms] [LOG] [Fast Refresh] done in 125ms @ webpack-internal:///(app-pages-browser)/../../node_modules/next/dist/client/components/react-dev-overlay/app/hot-reloader-client.js:43
[ 2051188ms] [LOG] [Fast Refresh] rebuilding @ webpack-internal:///(app-pages-browser)/../../node_modules/next/dist/client/components/react-dev-overlay/app/hot-reloader-client.js:186
[ 2051328ms] [LOG] [Fast Refresh] done in 139ms @ webpack-internal:///(app-pages-browser)/../../node_modules/next/dist/client/components/react-dev-overlay/app/hot-reloader-client.js:43
[ 2065405ms] [LOG] [Fast Refresh] rebuilding @ webpack-internal:///(app-pages-browser)/../../node_modules/next/dist/client/components/react-dev-overlay/app/hot-reloader-client.js:186
[ 2065570ms] [LOG] [Fast Refresh] done in 164ms @ webpack-internal:///(app-pages-browser)/../../node_modules/next/dist/client/components/react-dev-overlay/app/hot-reloader-client.js:43
[ 2070556ms] [LOG] [Fast Refresh] rebuilding @ webpack-internal:///(app-pages-browser)/../../node_modules/next/dist/client/components/react-dev-overlay/app/hot-reloader-client.js:186
[ 2070686ms] [LOG] [Fast Refresh] done in 131ms @ webpack-internal:///(app-pages-browser)/../../node_modules/next/dist/client/components/react-dev-overlay/app/hot-reloader-client.js:43
[ 2092087ms] [LOG] [Fast Refresh] rebuilding @ webpack-internal:///(app-pages-browser)/../../node_modules/next/dist/client/components/react-dev-overlay/app/hot-reloader-client.js:186
[ 2092243ms] [LOG] [Fast Refresh] done in 156ms @ webpack-internal:///(app-pages-browser)/../../node_modules/next/dist/client/components/react-dev-overlay/app/hot-reloader-client.js:43
[ 2095411ms] [LOG] [Fast Refresh] rebuilding @ webpack-internal:///(app-pages-browser)/../../node_modules/next/dist/client/components/react-dev-overlay/app/hot-reloader-client.js:186
[ 2095546ms] [LOG] [Fast Refresh] done in 135ms @ webpack-internal:///(app-pages-browser)/../../node_modules/next/dist/client/components/react-dev-overlay/app/hot-reloader-client.js:43
[ 2114190ms] [LOG] [Fast Refresh] rebuilding @ webpack-internal:///(app-pages-browser)/../../node_modules/next/dist/client/components/react-dev-overlay/app/hot-reloader-client.js:186
[ 2114315ms] [LOG] [Fast Refresh] done in 125ms @ webpack-internal:///(app-pages-browser)/../../node_modules/next/dist/client/components/react-dev-overlay/app/hot-reloader-client.js:43
[ 2115417ms] [LOG] [Fast Refresh] rebuilding @ webpack-internal:///(app-pages-browser)/../../node_modules/next/dist/client/components/react-dev-overlay/app/hot-reloader-client.js:186
[ 2115538ms] [LOG] [Fast Refresh] done in 122ms @ webpack-internal:///(app-pages-browser)/../../node_modules/next/dist/client/components/react-dev-overlay/app/hot-reloader-client.js:43
[ 2135190ms] [LOG] [Fast Refresh] rebuilding @ webpack-internal:///(app-pages-browser)/../../node_modules/next/dist/client/components/react-dev-overlay/app/hot-reloader-client.js:186
[ 2135346ms] [LOG] [Fast Refresh] done in 155ms @ webpack-internal:///(app-pages-browser)/../../node_modules/next/dist/client/components/react-dev-overlay/app/hot-reloader-client.js:43
[ 2139970ms] [LOG] [Fast Refresh] rebuilding @ webpack-internal:///(app-pages-browser)/../../node_modules/next/dist/client/components/react-dev-overlay/app/hot-reloader-client.js:186
[ 2140097ms] [LOG] [Fast Refresh] done in 127ms @ webpack-internal:///(app-pages-browser)/../../node_modules/next/dist/client/components/react-dev-overlay/app/hot-reloader-client.js:43
[ 2156949ms] [LOG] [Fast Refresh] rebuilding @ webpack-internal:///(app-pages-browser)/../../node_modules/next/dist/client/components/react-dev-overlay/app/hot-reloader-client.js:186
[ 2157071ms] [LOG] [Fast Refresh] done in 121ms @ webpack-internal:///(app-pages-browser)/../../node_modules/next/dist/client/components/react-dev-overlay/app/hot-reloader-client.js:43
[ 2163512ms] [LOG] [Fast Refresh] rebuilding @ webpack-internal:///(app-pages-browser)/../../node_modules/next/dist/client/components/react-dev-overlay/app/hot-reloader-client.js:186
[ 2163640ms] [LOG] [Fast Refresh] done in 127ms @ webpack-internal:///(app-pages-browser)/../../node_modules/next/dist/client/components/react-dev-overlay/app/hot-reloader-client.js:43
[ 2180960ms] [LOG] [Fast Refresh] rebuilding @ webpack-internal:///(app-pages-browser)/../../node_modules/next/dist/client/components/react-dev-overlay/app/hot-reloader-client.js:186
[ 2181088ms] [LOG] [Fast Refresh] done in 128ms @ webpack-internal:///(app-pages-browser)/../../node_modules/next/dist/client/components/react-dev-overlay/app/hot-reloader-client.js:43
[ 2188876ms] [LOG] [Fast Refresh] rebuilding @ webpack-internal:///(app-pages-browser)/../../node_modules/next/dist/client/components/react-dev-overlay/app/hot-reloader-client.js:186
[ 2188993ms] [LOG] [Fast Refresh] done in 117ms @ webpack-internal:///(app-pages-browser)/../../node_modules/next/dist/client/components/react-dev-overlay/app/hot-reloader-client.js:43
[ 2203616ms] [LOG] [Fast Refresh] rebuilding @ webpack-internal:///(app-pages-browser)/../../node_modules/next/dist/client/components/react-dev-overlay/app/hot-reloader-client.js:186
[ 2203752ms] [LOG] [Fast Refresh] done in 136ms @ webpack-internal:///(app-pages-browser)/../../node_modules/next/dist/client/components/react-dev-overlay/app/hot-reloader-client.js:43
[ 2217867ms] [LOG] [Fast Refresh] rebuilding @ webpack-internal:///(app-pages-browser)/../../node_modules/next/dist/client/components/react-dev-overlay/app/hot-reloader-client.js:186
[ 2218014ms] [LOG] [Fast Refresh] done in 148ms @ webpack-internal:///(app-pages-browser)/../../node_modules/next/dist/client/components/react-dev-overlay/app/hot-reloader-client.js:43
[ 2227588ms] [LOG] [Fast Refresh] rebuilding @ webpack-internal:///(app-pages-browser)/../../node_modules/next/dist/client/components/react-dev-overlay/app/hot-reloader-client.js:186
[ 2227718ms] [LOG] [Fast Refresh] done in 130ms @ webpack-internal:///(app-pages-browser)/../../node_modules/next/dist/client/components/react-dev-overlay/app/hot-reloader-client.js:43
[ 2239374ms] [LOG] [Fast Refresh] rebuilding @ webpack-internal:///(app-pages-browser)/../../node_modules/next/dist/client/components/react-dev-overlay/app/hot-reloader-client.js:186
[ 2239683ms] [LOG] [Fast Refresh] done in 309ms @ webpack-internal:///(app-pages-browser)/../../node_modules/next/dist/client/components/react-dev-overlay/app/hot-reloader-client.js:43
[ 2248594ms] [LOG] [Fast Refresh] rebuilding @ webpack-internal:///(app-pages-browser)/../../node_modules/next/dist/client/components/react-dev-overlay/app/hot-reloader-client.js:186
[ 2248727ms] [LOG] [Fast Refresh] done in 133ms @ webpack-internal:///(app-pages-browser)/../../node_modules/next/dist/client/components/react-dev-overlay/app/hot-reloader-client.js:43
[ 2271567ms] [LOG] [Fast Refresh] rebuilding @ webpack-internal:///(app-pages-browser)/../../node_modules/next/dist/client/components/react-dev-overlay/app/hot-reloader-client.js:186
[ 2271751ms] [LOG] [Fast Refresh] done in 185ms @ webpack-internal:///(app-pages-browser)/../../node_modules/next/dist/client/components/react-dev-overlay/app/hot-reloader-client.js:43
[ 2852528ms] [LOG] [Fast Refresh] rebuilding @ webpack-internal:///(app-pages-browser)/../../node_modules/next/dist/client/components/react-dev-overlay/app/hot-reloader-client.js:186
[ 2853089ms] [WARNING] [Fast Refresh] performing full reload

Fast Refresh will perform a full reload when you edit a file that's imported by modules outside of the React rendering tree.
You might have a file which exports a React component but also exports a value that is imported by a non-React component file.
Consider migrating the non-React component export to a separate file and importing it into both files.

It is also possible the parent component of the component you edited is a class component, which disables Fast Refresh.
Fast Refresh requires at least one parent function component in your React tree. @ webpack-internal:///(app-pages-browser)/../../node_modules/next/dist/client/components/react-dev-overlay/app/hot-reloader-client.js:112
[ 2853708ms] [INFO] %cDownload the React DevTools for a better development experience: https://reactjs.org/link/react-devtools font-weight:bold @ webpack-internal:///(app-pages-browser)/../../node_modules/next/dist/compiled/react-dom/cjs/react-dom.development.js:38559
[ 2864531ms] [ERROR] WebSocket connection to 'ws://localhost:3001/socket.io/?EIO=4&transport=websocket' failed: Error in connection establishment: net::ERR_CONNECTION_REFUSED @ webpack-internal:///(app-pages-browser)/../../node_modules/engine.io-client/build/esm/transports/websocket.js:127
